time,memory,io_read_count,io_write_count,io_read,io_write,cpu_util_avg,cpu_util_min,cpu_util_max,cpu_util_0,cpu_util_1,cpu_util_2,cpu_util_3,cpu_util_4,cpu_util_5,cpu_util_6,cpu_util_7,cpu_util_8,cpu_util_9,cpu_util_10,cpu_util_11,cpu_util_12,cpu_util_13,cpu_util_14,cpu_util_15,cpu_util_16,cpu_util_17,cpu_util_18,cpu_util_19,cpu_util_20,cpu_util_21,cpu_util_22,cpu_util_23,cpu_util_24,cpu_util_25,cpu_util_26,cpu_util_27,cpu_util_28,cpu_util_29,cpu_util_30,cpu_util_31,cpu_util_32,cpu_util_33,cpu_util_34,cpu_util_35,cpu_util_36,cpu_util_37,cpu_util_38,cpu_util_39,cpu_util_40,cpu_util_41,cpu_util_42,cpu_util_43,cpu_util_44,cpu_util_45,cpu_util_46,cpu_util_47,cpu_util_48,cpu_util_49,cpu_util_50,cpu_util_51,cpu_util_52,cpu_util_53,cpu_util_54,cpu_util_55,cpu_util_56,cpu_util_57,cpu_util_58,cpu_util_59,cpu_util_60,cpu_util_61,cpu_util_62,cpu_util_63,gpu_util_avg,gpu_util_min,gpu_util_max,gpu_band_avg,gpu_band_min,gpu_band_max,gpu_mem_avg,gpu_mem_min,gpu_mem_max,gpu_power_avg,gpu_power_min,gpu_power_max,gpu_util_0,gpu_band_0,gpu_mem_0,gpu_power_0,cell_index
11781774.925080968,104.38071823120117,3.179274705058294,0.002619384617024324,3.0969160616306075,0.3417454522432518,0.0,0.0,0.0,0.0,0.0,0.0,0.0,0.0,0.0,0.0,0.0,0.0,0.0,0.0,0.0,0.0,0.0,0.0,0.0,0.0,0.0,0.0,0.0,0.0,0.0,0.0,0.0,0.0,0.0,0.0,0.0,0.0,0.0,0.0,0.0,0.0,0.0,0.0,0.0,0.0,0.0,0.0,0.0,0.0,0.0,0.0,0.0,0.0,0.0,0.0,0.0,0.0,0.0,0.0,0.0,0.0,0.0,0.0,0.0,0.0,0.0,0.0,0.0,0.0,0.0,0.0,0.0,0.0,0,0,0.0,0.0,0.0,0.50225830078125,0.50225830078125,0.50225830078125,69.641,69.641,69.641,0,0.0,0.50225830078125,69.641,2
11781775.920817688,104.6460075378418,37651510.93200354,31000.162370979284,36643389.02608525,4043607.0288102604,37.6796875,0.0,100.0,17.5,54.7,100.0,69.8,96.9,80.2,70.5,75.0,80.0,45.3,66.7,33.7,10.5,44.9,78.1,69.5,100.0,100.0,0.0,17.7,0.0,70.8,1.0,0.0,2.1,13.5,0.0,25.0,0.0,2.1,2.1,3.1,95.9,100.0,0.0,0.0,100.0,38.3,100.0,0.0,7.6,3.1,30.9,4.2,5.2,33.3,74.0,43.6,5.2,10.4,100.0,50.0,100.0,14.6,1.1,14.4,1.1,19.1,1.1,2.1,1.1,1.0,76.6,46.9,0.0,0,0,0.0,0.0,0.0,0.50225830078125,0.50225830078125,0.50225830078125,69.575,69.575,69.575,0,0.0,0.50225830078125,69.575,5
11781776.93844891,106.99014282226562,36874532.939721495,30349.894289381697,35855000.54132785,3956608.1648097523,41.61875,0.0,100.0,15.9,43.5,89.7,10.4,100.0,96.3,44.2,45.0,52.8,42.6,47.7,1.9,89.8,75.7,63.3,49.1,81.3,29.9,3.8,9.3,66.7,12.0,0.9,1.9,0.9,0.9,0.9,3.7,0.0,0.9,0.9,0.9,0.9,36.1,50.5,53.3,100.0,100.0,100.0,42.6,66.7,54.2,69.2,55.6,50.5,77.4,46.8,42.9,43.9,62.6,100.0,8.5,99.1,100.0,52.8,4.7,3.7,56.0,1.9,0.9,0.0,0.0,61.7,38.3,6.0,6,6,0.0,0.0,0.0,6.3031005859375,6.3031005859375,6.3031005859375,107.211,107.211,107.211,6,0.0,6.3031005859375,107.211,5
11781777.92194802,107.5716323852539,38193390.952573754,31424.53276649376,37099340.14018516,4098086.068471284,38.1234375,0.0,100.0,6.5,5.7,99.1,8.4,99.1,100.0,46.8,48.1,100.0,93.4,58.5,0.9,1.9,49.5,59.4,44.9,100.0,100.0,33.6,7.6,38.1,36.5,1.9,25.2,2.9,4.7,3.8,3.8,2.8,4.8,3.8,2.9,48.6,27.4,17.0,41.1,100.0,100.0,100.0,0.0,18.3,18.1,31.1,31.1,22.6,29.9,49.1,44.7,0.0,100.0,100.0,15.1,14.3,100.0,100.0,11.3,3.8,2.8,11.1,1.9,1.9,0.9,63.6,39.6,99.0,99,99,0.0,0.0,0.0,58.9378662109375,58.9378662109375,58.9378662109375,199.245,199.245,199.245,99,0.0,58.9378662109375,199.245,5
11781778.91932207,107.47440719604492,37695057.323747225,30987.37127771571,36583233.73093858,4041075.6613430134,36.165625,0.0,100.0,2.4,17.1,100.0,7.2,48.2,100.0,43.2,41.7,97.6,74.1,26.5,96.4,46.4,1.2,61.6,47.1,100.0,100.0,34.1,17.6,4.7,72.6,1.2,22.6,1.2,0.0,1.2,2.4,0.0,1.2,1.2,3.5,1.2,100.0,0.0,100.0,100.0,100.0,80.2,16.7,1.2,1.2,0.0,53.6,0.0,0.0,46.0,41.5,5.8,100.0,77.4,14.5,2.4,100.0,100.0,1.2,0.0,1.2,0.0,0.0,0.0,0.0,59.0,37.3,100.0,100,100,0.0,0.0,0.0,58.9378662109375,58.9378662109375,58.9378662109375,622.691,622.691,622.691,100,0.0,58.9378662109375,622.691,5
11781779.920094265,107.49724578857422,37599961.50010306,30882.152957846258,36459014.53357385,4027354.097556878,36.3015625,0.0,100.0,6.1,58.4,69.3,73.0,81.8,34.7,42.7,44.1,35.4,100.0,67.0,100.0,5.9,70.7,58.6,44.6,40.8,93.1,35.7,8.1,35.4,41.4,2.0,19.2,1.0,3.0,0.0,1.0,14.9,0.0,1.0,0.0,1.0,100.0,0.0,100.0,98.0,100.0,12.0,33.0,1.0,2.0,0.0,42.0,5.0,0.0,46.7,42.4,4.1,100.0,47.0,37.0,52.0,100.0,100.0,1.0,9.0,0.0,2.0,0.0,1.0,0.0,59.6,38.6,100.0,100,100,0.0,0.0,0.0,58.9378662109375,58.9378662109375,58.9378662109375,660.78,660.78,660.78,100,0.0,58.9378662109375,660.78,5
11781780.919075605,107.4587631225586,37700323.817251496,30937.514813264293,36524373.92396502,4034573.8595848205,36.2484375,0.0,100.0,5.0,63.0,1.0,51.5,95.0,65.3,42.5,40.2,48.0,100.0,18.0,90.1,14.1,92.0,57.4,44.0,87.3,6.0,56.4,17.0,15.0,59.6,0.0,0.0,3.0,1.0,2.0,1.0,5.0,1.0,0.0,2.0,59.0,100.0,0.0,100.0,31.7,100.0,1.0,12.0,4.0,20.2,2.0,22.8,4.0,1.0,44.8,39.8,17.8,100.0,18.0,100.0,100.0,100.0,100.0,55.6,1.0,0.0,2.0,0.0,0.0,0.0,60.8,39.0,100.0,100,100,0.0,0.0,0.0,58.9378662109375,58.9378662109375,58.9378662109375,669.485,669.485,669.485,100,0.0,58.9378662109375,669.485,5
11781781.920312157,107.47851943969727,37648289.91777879,30867.830311192458,36442105.4280713,4025486.2753953924,36.0984375,0.0,100.0,5.9,1.0,2.0,93.0,15.0,94.0,40.6,43.1,66.0,66.7,46.0,76.0,42.4,51.5,59.8,44.1,100.0,100.0,7.0,18.8,27.3,41.7,1.0,47.5,0.0,2.0,1.0,3.0,2.0,1.0,0.0,1.0,94.0,100.0,0.0,100.0,57.8,59.4,58.0,1.0,7.1,22.8,1.0,13.0,5.0,0.0,45.7,40.2,1.0,6.0,13.0,100.0,80.8,100.0,100.0,100.0,1.0,3.9,0.0,2.0,0.0,0.0,60.2,37.0,100.0,100,100,0.0,0.0,0.0,58.9378662109375,58.9378662109375,58.9378662109375,675.228,675.228,675.228,100,0.0,58.9378662109375,675.228,5
11781782.920204405,105.7442741394043,37737356.281623274,30911.33076263459,36491099.994817406,4030898.337999588,36.628125,0.0,100.0,84.0,30.7,54.0,84.2,34.0,100.0,43.3,41.7,81.4,100.0,4.9,71.3,25.5,44.0,57.4,45.2,100.0,99.0,17.6,17.6,61.4,13.6,0.0,2.0,1.0,0.0,10.9,3.0,2.0,0.0,1.0,3.0,100.0,99.0,73.3,25.7,42.0,5.0,100.0,1.0,2.0,0.0,0.0,4.0,11.9,38.0,44.9,40.8,6.0,16.8,1.0,98.0,8.8,100.0,100.0,94.1,1.0,0.0,0.0,1.0,0.0,0.0,58.0,38.2,99.0,99,99,0.0,0.0,0.0,58.9398193359375,58.9398193359375,58.9398193359375,587.688,587.688,587.688,99,0.0,58.9398193359375,587.688,5
11781783.929504655,105.70883178710938,37418215.22291717,30624.187384129815,36150955.05995746,3997383.3334146943,36.446875,0.0,100.0,45.0,51.5,69.6,66.3,79.0,34.7,43.8,44.2,58.0,81.2,0.0,99.0,18.2,0.0,61.8,48.5,81.2,100.0,0.0,17.8,71.0,0.0,0.0,0.0,1.0,8.9,31.0,12.1,2.0,2.0,5.9,0.0,82.2,100.0,21.0,78.0,2.0,2.0,100.0,3.9,1.0,2.0,3.0,0.0,6.0,45.0,47.2,39.8,50.0,97.0,2.9,100.0,59.0,100.0,100.0,47.0,3.0,3.0,2.0,2.9,0.0,0.0,61.4,37.6,99.0,99,99,0.0,0.0,0.0,58.9398193359375,58.9398193359375,58.9398193359375,544.324,544.324,544.324,99,0.0,58.9398193359375,544.324,5
11781784.920559796,105.78879928588867,38140297.61213298,31187.972035061182,36816486.30569023,4070974.2940171612,36.0359375,0.0,100.0,31.7,43.4,100.0,100.0,100.0,10.1,43.6,41.4,59.2,100.0,59.2,15.2,36.4,1.0,57.1,46.0,76.5,100.0,0.0,17.3,67.0,5.1,0.0,0.0,1.0,0.0,1.0,21.2,2.0,15.3,21.6,2.0,93.9,100.0,27.3,71.4,70.4,0.0,100.0,0.0,0.0,0.0,24.7,0.0,4.0,19.0,46.2,39.2,7.1,96.0,1.0,99.0,28.6,100.0,100.0,1.0,2.0,3.0,0.0,1.0,0.0,0.0,59.2,38.0,98.0,98,98,0.0,0.0,0.0,58.9417724609375,58.9417724609375,58.9417724609375,543.356,543.356,543.356,98,0.0,58.9417724609375,543.356,5
11781785.920774752,105.89684677124023,37823931.492475025,30904.35690140007,36479326.52432286,4033692.930675574,36.509375,0.0,100.0,3.1,28.3,83.5,91.9,82.8,15.2,43.1,44.1,16.2,85.9,100.0,86.1,100.0,4.0,63.0,49.0,100.0,26.3,0.0,18.8,10.2,61.0,0.0,0.0,1.0,3.0,0.0,1.0,16.5,9.1,3.1,2.1,100.0,62.6,98.0,2.0,100.0,5.1,20.6,93.9,1.0,0.0,5.1,0.0,16.3,26.5,44.1,40.0,2.0,52.0,87.0,48.0,37.4,41.4,100.0,55.6,2.0,43.3,6.2,0.0,0.0,0.0,60.8,37.4,99.0,99,99,0.0,0.0,0.0,58.9417724609375,58.9417724609375,58.9417724609375,544.67,544.67,544.67,99,0.0,58.9417724609375,544.67,5
11781786.91957349,106.02894592285156,37910526.501331575,30948.176890456536,36531051.389337294,4039412.3954307633,36.203125,0.0,100.0,6.9,65.3,96.1,58.6,13.0,56.0,40.8,43.6,44.4,47.5,100.0,73.7,100.0,5.1,60.0,48.0,100.0,100.0,0.0,16.2,2.9,70.4,0.0,0.0,2.0,0.0,0.0,1.0,2.0,2.0,1.0,9.1,78.8,1.0,18.8,74.3,100.0,100.0,41.0,100.0,13.1,23.0,1.0,13.0,6.0,30.0,45.7,40.6,52.0,12.0,38.4,15.8,95.0,7.9,100.0,24.2,1.0,2.0,5.0,12.1,1.0,0.0,62.0,36.7,99.0,99,99,0.0,0.0,0.0,58.9417724609375,58.9417724609375,58.9417724609375,548.702,548.702,548.702,99,0.0,58.9417724609375,548.702,5
11781787.920466864,106.09997940063477,37866841.71388158,30884.408644361665,36454600.37485366,4030958.842527038,36.30625,0.0,100.0,10.1,76.0,100.0,21.2,13.9,64.6,44.2,42.6,83.8,2.0,100.0,45.5,61.4,11.9,59.6,44.6,100.0,100.0,0.0,17.0,29.6,40.0,0.0,0.0,2.0,1.0,2.0,0.0,2.0,8.1,1.0,2.0,3.0,1.0,0.0,0.0,100.0,100.0,100.0,100.0,26.0,73.0,19.0,44.0,38.8,9.1,43.7,41.4,100.0,100.0,97.0,1.0,38.8,1.0,100.0,1.0,3.0,0.0,0.0,1.0,1.0,0.0,59.0,35.7,99.0,99,99,0.0,0.0,0.0,58.9417724609375,58.9417724609375,58.9417724609375,551.975,551.975,551.975,99,0.0,58.9417724609375,551.975,5
11781788.927463412,106.11810684204102,37672776.61751318,30699.2114992226,36233657.48333011,4010595.675635775,36.4109375,0.0,100.0,8.0,44.1,93.0,53.5,62.0,95.1,41.0,43.7,97.0,92.0,28.4,59.4,25.3,1.0,59.4,44.7,100.0,99.0,1.0,17.8,71.0,1.0,2.0,3.9,2.0,1.0,1.0,1.9,0.0,1.0,2.9,2.0,0.0,65.3,0.0,0.0,100.0,100.0,100.0,100.0,90.1,16.7,9.0,9.7,39.8,48.5,45.8,39.8,36.6,100.0,47.0,2.0,16.5,9.8,100.0,1.0,0.0,0.0,0.0,0.0,0.0,0.0,60.0,37.6,98.0,98,98,0.0,0.0,0.0,58.9417724609375,58.9417724609375,58.9417724609375,544.871,544.871,544.871,98,0.0,58.9417724609375,544.871,5
11781789.921082895,106.14907455444336,38213099.33127094,31113.52034661287,36721469.96468646,4064590.186930944,36.0625,0.0,100.0,3.1,32.3,54.5,83.7,89.9,98.0,45.1,41.6,42.4,42.0,58.6,67.7,4.0,46.5,57.6,42.2,100.0,80.4,1.0,18.2,56.1,16.5,0.0,0.0,3.0,1.0,2.0,0.0,1.0,2.0,1.0,1.0,1.0,100.0,0.0,0.0,70.4,100.0,100.0,100.0,80.8,42.9,43.9,23.5,0.0,11.2,44.1,40.2,2.0,100.0,100.0,1.0,13.4,2.0,100.0,41.4,1.0,0.0,1.0,0.0,0.0,0.0,58.0,37.8,99.0,99,99,0.0,0.0,0.0,58.9417724609375,58.9417724609375,58.9417724609375,547.921,547.921,547.921,99,0.0,58.9417724609375,547.921,5
11781790.920925444,106.2235221862793,38008188.43704987,30919.868372144858,36492913.85516209,4039291.9916019104,36.09375,0.0,100.0,4.0,24.0,37.4,79.0,33.0,98.0,42.5,40.6,88.1,1.0,76.0,100.0,16.2,36.4,56.0,42.2,100.0,100.0,1.0,17.8,70.7,0.0,0.0,1.0,2.0,1.0,1.0,1.0,17.0,1.0,0.0,4.0,0.0,100.0,0.0,0.0,2.0,96.0,100.0,100.0,30.3,35.0,24.0,69.3,15.0,31.7,43.8,40.8,32.7,100.0,100.0,2.9,1.0,0.0,100.0,100.0,0.0,0.0,0.0,0.0,0.0,0.0,58.0,35.6,99.0,99,99,0.0,0.0,0.0,58.9417724609375,58.9417724609375,58.9417724609375,547.981,547.981,547.981,99,0.0,58.9417724609375,547.981,5
11781791.92733429,106.30318450927734,37792919.00200657,30718.132221009826,36254816.46431178,4012937.7002482503,36.171875,0.0,100.0,28.4,88.0,34.7,77.5,43.4,100.0,43.7,43.1,76.2,24.2,2.0,100.0,73.7,26.7,59.2,47.1,100.0,84.2,2.0,16.2,38.0,33.3,0.0,1.0,6.1,2.0,1.0,1.0,0.0,1.0,2.9,3.0,1.0,100.0,0.0,0.0,44.6,36.0,100.0,75.5,24.0,29.6,45.0,76.8,17.2,11.0,44.2,37.5,5.9,100.0,100.0,6.1,0.0,1.0,99.0,99.0,2.0,1.0,0.0,0.0,0.0,0.0,60.0,39.0,99.0,99,99,0.0,0.0,0.0,58.9417724609375,58.9417724609375,58.9417724609375,548.988,548.988,548.988,99,0.0,58.9417724609375,548.988,5
11781792.921840183,106.40971755981445,38278357.37439287,31085.78863529333,36688739.84630239,4060967.387567822,36.81875,0.0,100.0,16.3,56.1,100.0,23.2,44.0,61.6,43.3,42.6,38.8,85.1,34.3,70.0,45.0,5.1,64.7,49.0,100.0,100.0,30.6,17.8,0.0,42.0,0.0,0.0,3.0,3.0,3.0,0.0,4.0,22.2,0.0,1.0,62.6,100.0,1.0,0.0,2.0,27.3,99.0,100.0,84.0,29.7,36.3,21.2,15.0,0.0,45.2,41.4,20.6,65.3,100.0,56.6,73.3,46.0,100.0,20.2,2.0,0.0,0.0,0.0,0.0,0.0,63.0,39.0,99.0,99,99,0.0,0.0,0.0,58.9417724609375,58.9417724609375,58.9417724609375,550.955,550.955,550.955,99,0.0,58.9417724609375,550.955,5
11781793.92135684,106.36999130249023,38124925.43023237,30931.950753556364,36504812.3593084,4044706.9823346864,35.9671875,0.0,100.0,16.2,38.0,76.2,75.8,71.7,0.0,42.3,43.7,100.0,77.0,13.1,100.0,1.0,1.0,58.6,46.1,100.0,100.0,67.7,15.0,5.0,0.0,0.0,0.0,2.0,0.0,1.0,2.0,0.0,19.2,11.0,30.0,98.0,100.0,20.0,0.0,5.0,11.0,43.4,100.0,74.0,5.1,29.3,16.0,10.1,0.0,44.2,39.6,1.0,96.0,100.0,100.0,31.6,65.0,100.0,0.0,0.0,0.0,2.0,0.0,0.0,0.0,58.6,38.4,99.0,99,99,0.0,0.0,0.0,58.9417724609375,58.9417724609375,58.9417724609375,551.665,551.665,551.665,99,0.0,58.9417724609375,551.665,5
11781794.922170956,106.34978866577148,38108405.35162222,30900.843140662266,36457487.389736526,4039463.409706999,36.6703125,0.0,100.0,47.5,64.9,39.2,96.0,50.0,75.8,45.1,45.6,54.5,53.5,34.7,73.5,31.3,2.0,65.0,51.5,100.0,100.0,8.2,59.8,16.2,4.1,1.0,0.0,4.1,3.0,1.0,3.0,2.0,1.0,2.0,37.4,58.6,100.0,4.1,96.9,15.3,10.3,2.0,100.0,17.5,5.1,5.0,1.0,40.4,1.0,46.6,41.8,27.6,59.6,68.4,100.0,58.4,100.0,100.0,9.0,1.0,2.0,0.0,0.0,0.0,0.0,63.0,39.4,100.0,100,100,0.0,0.0,0.0,58.9417724609375,58.9417724609375,58.9417724609375,650.502,650.502,650.502,100,0.0,58.9417724609375,650.502,5
11781795.921178535,106.40478134155273,38210274.68133273,30956.722102988355,36523414.605867215,4046768.0978885205,36.746875,0.0,100.0,7.1,33.0,74.0,92.1,44.3,71.7,43.3,44.1,58.0,100.0,1.0,47.5,32.7,16.3,59.0,47.5,100.0,100.0,0.0,70.4,17.0,1.0,0.0,0.0,5.1,10.2,5.0,5.1,21.2,0.0,2.0,2.0,99.0,100.0,0.0,100.0,100.0,0.0,4.0,50.5,47.5,5.1,4.0,31.3,6.1,5.0,45.7,39.6,60.2,19.4,56.0,100.0,100.0,46.5,100.0,10.0,7.1,0.0,1.0,2.0,0.0,2.0,60.2,39.0,100.0,100,100,0.0,0.0,0.0,58.9417724609375,58.9417724609375,58.9417724609375,676.106,676.106,676.106,100,0.0,58.9417724609375,676.106,5
11781796.922039447,106.44003677368164,38172414.8822713,30901.396594441394,36455782.75271634,4039274.5371498684,36.1125,0.0,100.0,58.4,21.2,100.0,98.0,42.4,91.1,42.2,41.7,89.9,35.0,2.0,2.9,27.7,1.0,58.2,42.7,100.0,100.0,0.0,18.0,17.0,55.0,0.0,0.0,2.0,2.0,4.0,0.0,1.0,2.0,2.0,1.0,100.0,100.0,0.0,100.0,100.0,1.0,24.0,46.5,2.0,1.0,0.0,46.0,1.0,1.0,42.9,38.5,100.0,100.0,0.0,100.0,49.5,0.0,100.0,45.5,19.2,36.7,1.0,0.0,0.0,0.0,59.4,37.6,100.0,100,100,0.0,0.0,0.0,58.9417724609375,58.9417724609375,58.9417724609375,685.122,685.122,685.122,100,0.0,58.9417724609375,685.122,5
11781797.921663446,106.42792510986328,38252585.0102319,30939.633333085385,36500892.37204754,4044272.6505625197,36.21875,0.0,100.0,100.0,61.0,53.5,67.7,4.0,100.0,43.3,43.6,56.0,85.9,0.0,31.3,59.0,23.8,60.4,47.1,100.0,99.0,0.0,71.7,18.8,0.0,0.0,0.0,1.0,3.0,2.0,2.0,0.0,1.0,0.0,3.0,100.0,50.0,1.0,73.0,99.0,3.0,82.8,45.5,28.0,2.0,0.0,46.0,0.0,0.0,46.2,42.3,100.0,100.0,2.0,100.0,1.0,0.0,100.0,2.0,31.0,25.3,0.0,0.0,0.0,0.0,60.2,39.6,100.0,100,100,0.0,0.0,0.0,58.9417724609375,58.9417724609375,58.9417724609375,683.893,683.893,683.893,100,0.0,58.9417724609375,683.893,5
11781798.920828514,106.41545867919922,38308633.124772064,30956.84687912914,36517657.78116003,4050229.6685884716,36.4015625,0.0,100.0,50.5,3.0,78.4,94.2,2.9,71.3,42.9,43.3,32.4,60.2,13.7,87.3,96.1,79.6,60.4,47.1,100.0,83.3,0.0,51.0,9.9,26.5,1.0,0.0,1.0,1.0,2.0,1.0,2.9,0.0,2.9,1.0,100.0,74.5,1.9,0.0,79.2,42.9,21.6,2.0,100.0,12.0,0.0,20.8,2.0,21.6,44.8,39.6,41.2,100.0,20.6,100.0,5.9,88.3,100.0,1.0,55.4,2.9,2.0,2.0,0.0,1.0,62.1,37.6,98.0,98,98,0.0,0.0,0.0,58.9417724609375,58.9417724609375,58.9417724609375,606.516,606.516,606.516,98,0.0,58.9417724609375,606.516,5
11781799.92149238,106.57143020629883,38284156.47477003,30910.479603403342,36462961.50302128,4044163.2201375193,36.659375,0.0,100.0,4.1,67.7,82.8,35.7,74.5,54.0,44.7,45.1,100.0,18.2,49.5,67.3,2.0,41.4,63.4,50.5,98.0,97.0,0.0,55.0,19.0,15.2,0.0,2.0,4.0,1.0,3.0,2.0,0.0,2.0,3.1,12.1,86.9,96.0,0.0,0.0,32.3,3.1,48.5,42.4,20.2,96.0,0.0,4.1,0.0,26.3,45.6,42.3,98.0,100.0,7.0,100.0,68.0,51.5,100.0,2.0,57.0,1.0,0.0,0.0,1.0,0.0,63.3,39.4,99.0,99,99,0.0,0.0,0.0,58.9417724609375,58.9417724609375,58.9417724609375,549.137,549.137,549.137,99,0.0,58.9417724609375,549.137,5
11781800.922763543,106.69868087768555,38293822.2699948,30891.731541584646,36440845.7071772,4041710.323157956,36.653125,0.0,100.0,5.9,88.0,30.0,100.0,100.0,71.0,43.3,44.1,42.4,70.7,60.0,55.6,35.4,68.0,59.6,47.6,44.4,45.5,2.0,26.5,13.1,49.0,0.0,0.0,2.0,2.0,0.0,3.0,17.2,0.0,0.0,7.1,40.0,14.1,0.0,0.0,100.0,3.0,25.0,100.0,28.7,28.6,69.4,5.0,1.0,15.2,46.7,42.4,62.2,100.0,20.0,100.0,93.9,19.2,100.0,35.4,46.5,9.1,3.0,1.0,0.0,2.0,62.0,39.0,99.0,99,99,0.0,0.0,0.0,58.9417724609375,58.9417724609375,58.9417724609375,546.525,546.525,546.525,99,0.0,58.9417724609375,546.525,5
11781801.921237301,106.61502075195312,38434083.71749219,30978.28035634866,36542941.3763924,4053033.9110771995,36.2234375,0.0,100.0,20.8,65.0,78.2,76.8,77.0,53.0,42.7,43.1,17.8,36.6,71.7,84.2,34.0,39.6,59.0,43.6,100.0,100.0,6.9,37.6,6.0,39.6,1.0,0.0,2.0,1.0,0.0,1.0,1.0,3.0,2.0,1.0,100.0,1.0,1.0,0.0,100.0,2.0,100.0,100.0,22.2,91.2,8.0,4.0,0.0,20.8,45.2,40.2,3.0,100.0,1.0,34.3,2.9,49.0,100.0,89.0,55.9,4.0,0.0,0.0,0.0,0.0,59.8,38.6,99.0,99,99,0.0,0.0,0.0,58.9417724609375,58.9417724609375,58.9417724609375,547.085,547.085,547.085,99,0.0,58.9417724609375,547.085,5
11781802.923963794,106.72046661376953,38303938.56418375,30846.896141158373,36387956.476706125,4035844.2971470198,36.2765625,0.0,100.0,48.5,39.0,92.1,30.4,86.0,20.2,44.3,44.1,70.3,69.4,27.7,42.4,100.0,4.1,63.4,49.0,99.0,100.0,17.2,27.0,2.0,45.5,0.0,0.0,4.1,4.0,14.9,1.0,2.0,12.2,2.0,2.0,100.0,22.8,0.0,0.0,20.0,44.4,100.0,100.0,13.0,89.9,9.0,4.0,0.0,31.0,44.2,40.2,96.0,99.0,1.0,36.7,2.0,5.1,100.0,100.0,0.0,0.0,0.0,0.0,0.0,0.0,62.2,37.4,99.0,99,99,0.0,0.0,0.0,58.9417724609375,58.9417724609375,58.9417724609375,548.473,548.473,548.473,99,0.0,58.9417724609375,548.473,5
11781803.922992822,106.78214263916016,38481437.42527009,30961.062346360362,36522630.477195196,4050781.1979646226,36.4296875,0.0,100.0,58.0,4.0,0.0,82.8,88.1,9.1,42.7,42.2,56.6,42.2,47.0,100.0,69.3,83.0,57.4,44.1,100.0,100.0,17.8,7.1,0.0,65.0,0.0,0.0,3.0,0.0,1.0,4.0,18.0,37.6,4.0,4.0,100.0,100.0,0.0,0.0,27.6,3.0,100.0,100.0,44.0,68.7,32.7,8.9,1.0,0.0,43.7,39.8,4.0,100.0,43.0,13.0,12.0,2.0,100.0,99.0,6.1,0.0,0.0,0.0,0.0,0.0,57.4,37.6,99.0,99,99,0.0,0.0,0.0,58.9417724609375,58.9417724609375,58.9417724609375,545.01,545.01,545.01,99,0.0,58.9417724609375,545.01,5
11781804.922393268,106.79492950439453,38500103.883913934,30951.557123954837,36509057.144258134,4049275.75870308,36.3,0.0,100.0,28.3,4.0,43.4,95.0,100.0,24.2,43.1,44.6,61.0,89.8,0.0,38.8,92.9,100.0,59.2,45.5,100.0,100.0,19.0,0.0,0.0,71.1,0.0,0.0,20.4,3.0,1.0,10.1,28.0,1.0,0.0,1.0,100.0,100.0,0.0,0.0,2.0,3.0,100.0,100.0,21.6,38.4,61.6,4.1,1.0,21.2,43.8,40.2,4.0,69.7,3.0,1.0,28.3,49.5,100.0,100.0,0.0,2.0,4.0,3.0,1.0,0.0,58.0,38.4,99.0,99,99,0.0,0.0,0.0,58.9437255859375,58.9437255859375,58.9437255859375,548.731,548.731,548.731,99,0.0,58.9437255859375,548.731,5
11781805.922430385,106.86551666259766,38511234.58120612,30932.851867505975,36485813.75860879,4050793.6469762116,36.66875,0.0,100.0,15.0,9.0,46.5,24.8,100.0,100.0,43.4,44.2,83.0,35.0,61.0,61.8,70.3,48.0,59.8,46.1,100.0,100.0,17.0,0.0,0.0,70.0,0.0,0.0,7.9,1.0,3.9,3.0,51.0,15.8,0.0,2.0,49.5,100.0,0.0,0.0,14.7,10.1,100.0,99.0,10.9,77.2,14.0,31.4,2.0,21.8,45.7,41.4,0.0,1.0,0.0,78.6,21.0,100.0,100.0,100.0,3.0,2.0,1.0,1.0,2.0,0.0,61.8,38.2,99.0,99,99,0.0,0.0,0.0,58.9437255859375,58.9437255859375,58.9437255859375,546.246,546.246,546.246,99,0.0,58.9437255859375,546.246,5
11781806.92285016,106.8543586730957,38529390.32424976,30923.019288834133,36471858.0249202,4049244.2284066104,35.859375,0.0,100.0,3.0,70.7,42.9,96.9,100.0,100.0,41.7,42.6,18.8,88.0,66.7,14.3,1.0,33.3,56.4,40.2,100.0,100.0,18.2,0.0,0.0,72.2,0.0,0.0,56.0,2.0,0.0,0.0,1.0,0.0,2.0,0.0,100.0,100.0,0.0,0.0,44.9,48.5,100.0,5.0,27.3,67.0,15.3,31.6,4.1,0.0,42.2,40.2,0.0,0.0,0.0,100.0,0.0,100.0,100.0,100.0,2.0,2.0,2.1,0.0,0.0,0.0,57.1,37.8,99.0,99,99,0.0,0.0,0.0,58.9437255859375,58.9437255859375,58.9437255859375,549.064,549.064,549.064,99,0.0,58.9437255859375,549.064,5
11781807.923064588,106.78974914550781,38570221.47575098,30930.36767210362,36479345.81742941,4050075.5515758516,36.1515625,0.0,100.0,6.0,46.9,91.9,85.0,70.7,70.4,43.3,43.7,70.7,5.9,96.0,27.0,52.0,8.0,58.0,46.1,100.0,81.0,18.0,65.7,0.0,5.1,0.0,0.0,41.4,1.0,0.0,1.0,0.0,13.3,0.0,3.0,100.0,100.0,0.0,0.0,3.0,100.0,100.0,1.0,36.0,96.9,8.0,3.0,5.1,0.0,45.7,41.2,2.0,3.0,2.0,100.0,42.4,99.0,73.7,100.0,0.0,2.0,3.0,0.0,0.0,1.0,58.2,36.4,99.0,99,99,0.0,0.0,0.0,58.9437255859375,58.9437255859375,58.9437255859375,550.075,550.075,550.075,99,0.0,58.9437255859375,550.075,5
11781808.923092352,106.9560546875,38610320.00034969,30937.141043006653,36486154.97691768,4050831.530329095,36.19375,0.0,100.0,23.5,37.6,60.6,55.0,70.7,73.8,42.7,43.0,73.7,31.3,100.0,50.0,89.9,1.0,59.2,45.0,51.0,100.0,1.0,71.7,1.0,17.0,0.0,0.0,46.9,3.1,2.0,2.0,1.0,10.0,3.0,3.1,65.0,100.0,0.0,0.0,34.7,100.0,100.0,3.0,40.8,1.0,0.0,5.0,98.0,0.0,43.3,40.8,96.0,1.0,56.6,100.0,5.1,49.5,2.0,100.0,2.0,2.0,1.0,0.0,0.0,0.0,61.4,38.4,99.0,99,99,0.0,0.0,0.0,58.9437255859375,58.9437255859375,58.9437255859375,548.587,548.587,548.587,99,0.0,58.9437255859375,548.587,5
11781809.923702188,106.91910552978516,38623497.0161448,30920.143795253713,36464930.386941396,4048475.095721266,36.7359375,0.0,100.0,45.5,48.0,39.2,67.0,28.7,88.9,45.2,46.1,27.0,38.4,99.0,29.6,71.3,44.6,63.0,52.4,100.0,100.0,0.0,71.0,0.0,18.6,0.0,0.0,4.0,3.0,1.0,3.0,0.0,34.0,0.0,2.0,27.0,100.0,0.0,0.0,45.5,100.0,100.0,17.0,11.7,35.3,0.0,9.8,32.7,68.6,45.7,41.8,92.2,5.1,9.9,100.0,25.3,100.0,9.9,93.1,3.0,0.0,3.0,0.0,1.0,0.0,64.4,38.6,99.0,99,99,0.0,0.0,0.0,58.9437255859375,58.9437255859375,58.9437255859375,549.379,549.379,549.379,99,0.0,58.9437255859375,549.379,5
11781810.924402384,106.91968154907227,38655652.45705905,30927.34478911683,36461637.6979686,4052202.662886048,36.6078125,0.0,100.0,46.5,49.5,74.2,45.9,16.3,100.0,42.0,44.7,13.1,100.0,39.2,89.9,22.2,12.2,63.7,50.0,100.0,100.0,9.2,27.8,0.0,51.0,0.0,0.0,8.1,0.0,1.0,2.1,13.4,1.0,2.0,0.0,100.0,52.0,0.0,0.0,56.7,49.5,100.0,10.3,34.0,3.1,0.0,13.3,99.0,0.0,45.5,40.6,64.9,3.0,66.3,100.0,39.4,100.0,4.0,78.4,48.0,3.1,1.0,2.0,0.0,0.0,64.4,39.4,100.0,100,100,0.0,0.0,0.0,58.9437255859375,58.9437255859375,58.9437255859375,640.772,640.772,640.772,100,0.0,58.9437255859375,640.772,5
11781811.92433931,106.90994262695312,38718061.13213048,30950.95222365698,36489469.5642685,4055295.7867788295,36.2703125,0.0,100.0,4.0,72.7,31.7,5.0,15.0,88.1,44.2,42.6,2.0,91.1,88.1,13.0,20.0,88.9,58.6,43.6,100.0,99.0,18.8,57.4,0.0,12.0,0.0,0.0,0.0,3.0,8.1,1.0,6.9,2.0,2.0,2.0,100.0,0.0,1.0,1.0,100.0,100.0,100.0,100.0,41.6,3.0,1.0,4.0,100.0,0.0,44.2,39.2,100.0,5.0,37.6,75.2,56.6,100.0,23.2,12.0,12.1,27.0,17.0,0.0,0.0,0.0,60.4,39.4,100.0,100,100,0.0,0.0,0.0,58.9437255859375,58.9437255859375,58.9437255859375,678.473,678.473,678.473,100,0.0,58.9437255859375,678.473,5
11781812.923941176,106.95431137084961,38763970.21381756,30961.326724346767,36501700.529714376,4056655.088057615,36.4015625,0.0,100.0,63.0,60.0,6.9,100.0,3.0,20.2,44.7,43.1,75.8,100.0,25.3,64.0,26.3,38.0,60.6,47.5,100.0,80.8,12.2,46.5,0.0,30.7,0.0,0.0,3.0,2.0,3.0,3.0,2.0,3.0,1.0,2.0,100.0,39.0,0.0,0.0,74.0,61.0,5.1,100.0,42.0,0.0,0.0,4.0,100.0,0.0,45.2,39.8,100.0,99.0,2.0,2.0,46.0,100.0,39.0,100.0,3.0,1.0,56.6,1.0,0.0,0.0,62.4,40.0,100.0,100,100,0.0,0.0,0.0,58.9437255859375,58.9437255859375,58.9437255859375,684.488,684.488,684.488,100,0.0,58.9437255859375,684.488,5
11781813.923470624,107.01881790161133,38799718.308075756,30963.56998816101,36504345.21431351,4056949.0078772306,36.621875,0.0,100.0,10.1,54.0,73.5,87.1,44.9,48.0,43.3,44.1,81.2,100.0,6.9,1.0,61.0,55.0,62.7,48.0,100.0,100.0,17.6,1.0,0.0,69.1,2.0,0.0,2.0,1.0,1.0,1.0,2.1,5.1,33.3,4.0,91.9,71.7,0.0,0.0,43.9,46.5,35.0,51.5,10.1,1.0,0.0,35.0,100.0,0.0,44.2,38.5,90.9,100.0,20.2,97.0,20.0,53.0,12.0,98.0,1.0,3.0,11.9,2.0,6.9,0.0,60.6,38.0,100.0,100,100,0.0,0.0,0.0,58.9437255859375,58.9437255859375,58.9437255859375,684.458,684.458,684.458,100,0.0,58.9437255859375,684.458,5
11781814.928855125,106.92189025878906,38609254.42822764,30785.23685919809,36291755.006344,4033322.570305406,36.3421875,0.0,100.0,4.9,75.5,52.9,97.1,76.5,100.0,42.5,43.7,49.5,37.9,70.3,61.4,60.4,34.7,57.8,45.1,74.8,100.0,16.8,51.5,0.0,21.6,2.0,0.0,1.0,18.6,1.0,2.0,30.4,5.9,2.9,8.9,47.1,100.0,0.0,0.0,2.9,34.7,53.0,40.0,25.5,2.0,0.0,7.8,78.2,43.6,47.2,40.4,100.0,100.0,0.0,100.0,11.9,44.6,0.0,100.0,0.0,1.0,0.0,0.0,0.0,0.0,59.2,39.2,99.0,99,99,0.0,0.0,0.0,58.9437255859375,58.9437255859375,58.9437255859375,606.587,606.587,606.587,99,0.0,58.9437255859375,606.587,5
11781815.923639769,106.91988754272461,39053749.2102034,31113.26676644355,36678459.22703766,4076299.352802793,35.7921875,0.0,100.0,3.0,86.0,100.0,48.0,64.6,100.0,41.7,41.7,27.3,62.0,81.0,56.4,55.0,47.0,54.5,38.8,100.0,100.0,17.2,71.1,0.0,0.0,1.0,0.0,13.0,18.8,1.0,2.0,29.1,2.0,2.0,2.0,0.0,100.0,0.0,0.0,0.0,100.0,100.0,2.0,81.8,17.3,1.0,13.1,33.3,1.0,42.3,39.2,100.0,100.0,0.0,86.0,11.1,0.0,2.0,100.0,1.0,1.0,0.0,0.0,0.0,0.0,57.0,35.4,99.0,99,99,0.0,0.0,0.0,58.9437255859375,58.9437255859375,58.9437255859375,553.956,553.956,553.956,99,0.0,58.9437255859375,553.956,5
11781816.924205732,106.91263580322266,38861000.11700015,30934.492226123035,36466529.29856698,4056839.9792186664,36.171875,0.0,100.0,4.0,0.0,47.1,100.0,100.0,100.0,42.3,41.2,74.0,56.0,87.0,11.0,29.7,26.0,58.0,44.0,100.0,100.0,18.0,42.0,0.0,29.3,0.0,0.0,1.0,33.0,0.0,0.0,18.0,23.8,2.0,2.0,54.0,100.0,0.0,0.0,49.5,100.0,100.0,1.0,29.0,69.7,0.0,31.3,14.0,4.0,44.3,40.8,100.0,100.0,38.4,75.8,48.0,0.0,1.0,22.8,2.0,0.0,2.0,0.0,0.0,0.0,58.2,39.8,97.0,97,97,0.0,0.0,0.0,58.9437255859375,58.9437255859375,58.9437255859375,547.534,547.534,547.534,97,0.0,58.9437255859375,547.534,5
11781817.931550438,106.92948532104492,38632176.02557019,30727.316891752987,36221134.41729813,4029540.211892956,36.1796875,0.0,100.0,5.0,31.0,2.0,97.0,98.0,100.0,42.7,42.7,40.6,1.0,14.9,72.4,26.0,48.0,58.4,43.3,100.0,100.0,17.8,28.3,1.0,43.0,0.0,0.0,2.0,0.0,21.8,3.0,16.5,5.0,17.2,3.0,100.0,100.0,0.0,0.0,100.0,100.0,100.0,0.0,84.0,16.8,0.0,14.0,30.3,5.0,44.2,39.2,100.0,100.0,98.0,4.9,12.0,85.1,1.0,1.0,0.0,0.0,0.0,0.0,0.0,0.0,59.8,38.6,99.0,99,99,0.0,0.0,0.0,58.9437255859375,58.9437255859375,58.9437255859375,545.827,545.827,545.827,99,0.0,58.9437255859375,545.827,5
11781818.930522876,106.96855545043945,38988931.53371095,30985.83986303501,36524699.38307344,4063311.3031685883,36.2484375,0.0,100.0,46.5,48.0,97.0,100.0,100.0,18.8,42.9,44.6,2.0,33.0,0.0,93.1,47.0,15.0,63.1,47.0,62.0,91.0,54.5,1.0,13.1,22.8,0.0,0.0,0.0,2.0,55.0,2.0,3.0,0.0,3.0,2.0,100.0,100.0,0.0,0.0,99.0,95.9,100.0,0.0,25.3,73.7,0.0,25.3,20.6,5.1,45.2,40.8,26.0,100.0,100.0,31.6,15.0,100.0,2.0,1.0,0.0,0.0,0.0,0.0,1.0,0.0,63.0,40.0,99.0,99,99,0.0,0.0,0.0,58.9437255859375,58.9437255859375,58.9437255859375,546.843,546.843,546.843,99,0.0,58.9437255859375,546.843,5
11781819.93111978,106.95148468017578,38958561.507455096,30935.534478480044,36465401.682693474,4056714.533851508,36.4296875,0.0,100.0,6.0,94.9,100.0,100.0,100.0,28.3,43.8,43.1,35.4,66.7,83.2,72.0,25.3,55.6,60.4,47.1,39.4,100.0,31.7,2.0,32.0,22.4,2.0,0.0,2.0,2.0,45.6,2.0,0.0,2.0,0.0,3.0,100.0,99.0,0.0,0.0,56.7,58.4,100.0,2.0,36.4,64.3,1.0,28.3,15.0,5.0,45.7,40.8,1.0,100.0,100.0,4.0,61.0,40.0,3.0,3.0,0.0,6.1,13.1,0.0,0.0,0.0,61.8,38.0,99.0,99,99,0.0,0.0,0.0,58.9437255859375,58.9437255859375,58.9437255859375,547.289,547.289,547.289,99,0.0,58.9437255859375,547.289,5
11781820.924912756,106.99931335449219,39261847.18125008,31148.338447421855,36715059.21020644,4084488.513394093,36.3,0.0,100.0,6.1,87.9,62.0,80.8,26.0,60.6,42.0,43.0,100.0,63.6,85.7,65.7,85.0,12.2,61.0,47.1,94.9,100.0,70.1,12.2,2.0,7.0,2.0,0.0,1.0,2.0,0.0,2.0,1.0,1.0,0.0,1.0,100.0,23.5,0.0,0.0,14.0,100.0,100.0,24.5,99.0,2.0,1.0,13.9,30.9,9.1,45.2,41.7,5.1,100.0,100.0,2.1,66.3,12.2,3.1,43.9,2.0,1.0,55.6,3.0,0.0,1.0,60.2,38.0,99.0,99,99,0.0,0.0,0.0,58.9437255859375,58.9437255859375,58.9437255859375,549.312,549.312,549.312,99,0.0,58.9437255859375,549.312,5
11781821.925438471,106.98926162719727,39032717.92135055,30939.73452273862,36467996.23357552,4057003.173268224,36.6140625,0.0,100.0,28.7,53.5,75.8,70.0,88.0,61.4,42.2,42.2,61.8,12.0,60.4,90.0,52.0,98.0,58.4,44.6,79.0,100.0,43.6,26.3,1.0,19.0,0.0,1.0,2.9,2.0,1.0,0.0,17.0,2.0,0.0,1.0,100.0,7.9,0.0,0.0,2.0,100.0,26.0,100.0,42.4,57.4,1.0,8.1,33.3,8.0,43.8,39.4,6.9,100.0,100.0,3.0,46.0,14.9,100.0,2.9,3.0,3.0,49.0,9.1,1.0,1.0,59.2,40.2,99.0,99,99,0.0,0.0,0.0,58.9437255859375,58.9437255859375,58.9437255859375,549.341,549.341,549.341,99,0.0,58.9437255859375,549.341,5
11781822.926091995,106.98764419555664,39060658.923821405,30935.78272502248,36463338.3350366,4056484.98989911,36.1265625,0.0,100.0,100.0,43.9,100.0,10.0,85.0,35.7,42.3,43.6,6.1,54.1,38.8,34.7,23.8,100.0,60.6,47.0,100.0,99.0,10.1,73.0,0.0,9.1,3.0,1.0,1.0,1.0,1.0,1.0,2.0,0.0,2.0,1.0,99.0,79.6,0.0,0.0,0.0,100.0,17.2,56.6,5.1,95.9,1.0,0.0,43.4,4.0,44.7,40.2,44.9,100.0,49.0,1.0,100.0,0.0,100.0,46.4,0.0,1.0,56.1,0.0,0.0,0.0,59.8,37.4,99.0,99,99,0.0,0.0,0.0,58.9437255859375,58.9437255859375,58.9437255859375,548.389,548.389,548.389,99,0.0,58.9437255859375,548.389,5
11781823.925069816,107.04345703125,39159161.660164125,30987.67494065796,36524502.56781164,4063289.407802125,36.1796875,0.0,100.0,37.6,58.4,41.6,20.8,100.0,98.0,42.3,43.7,36.7,58.4,93.1,3.0,68.0,85.0,59.8,44.7,100.0,80.4,16.2,71.7,1.0,0.0,1.0,1.0,1.0,2.0,1.0,0.0,0.0,0.0,1.0,2.0,32.0,51.5,1.0,0.0,46.0,100.0,100.0,1.0,0.0,87.3,13.0,23.0,20.8,4.0,44.8,40.4,2.0,79.2,2.0,43.6,100.0,1.0,100.0,98.0,0.0,2.0,53.5,1.0,0.0,0.0,60.0,39.0,99.0,99,99,0.0,0.0,0.0,58.9437255859375,58.9437255859375,58.9437255859375,550.171,550.171,550.171,99,0.0,58.9437255859375,550.171,5
11781824.929868244,107.01884460449219,38965110.7517763,30808.169241982763,36312923.0812979,4039751.5462018657,36.578125,0.0,100.0,44.6,27.0,100.0,7.0,100.0,80.0,42.7,43.1,100.0,36.0,67.7,1.0,81.0,38.0,60.8,44.1,67.0,100.0,20.0,64.6,2.0,4.0,2.0,2.0,1.0,2.0,0.0,1.0,3.0,1.0,0.0,0.0,100.0,78.2,0.0,0.0,2.0,99.0,86.0,15.0,1.0,24.0,76.0,23.8,21.0,5.0,42.9,40.6,3.0,1.0,2.0,67.0,100.0,48.0,100.0,100.0,3.1,1.0,13.9,43.1,1.0,1.0,61.2,38.6,99.0,99,99,0.0,0.0,0.0,58.9437255859375,58.9437255859375,58.9437255859375,551.383,551.383,551.383,99,0.0,58.9437255859375,551.383,5
11781825.929388473,107.0368423461914,39203846.86192519,30971.859394512216,36504681.88131749,4065182.3558898685,36.30625,0.0,100.0,3.1,19.2,7.0,89.9,96.0,89.9,43.7,43.1,30.3,98.0,89.1,85.0,74.0,47.5,58.6,45.5,79.2,100.0,1.0,72.3,1.0,16.8,3.0,2.0,3.0,2.0,2.0,0.0,0.0,0.0,2.0,3.0,61.0,100.0,0.0,0.0,0.0,100.0,60.2,1.0,2.0,99.0,1.0,1.0,42.9,6.9,43.7,39.8,21.2,67.0,4.0,5.0,100.0,0.0,98.0,100.0,1.0,1.0,3.0,0.0,55.4,2.9,61.4,38.0,99.0,99,99,0.0,0.0,0.0,58.9437255859375,58.9437255859375,58.9437255859375,551.014,551.014,551.014,99,0.0,58.9437255859375,551.014,5
11781826.924718624,107.08490371704102,39407549.29796287,31115.30376486614,36658356.98546023,4082295.7038141615,36.709375,0.0,100.0,31.7,59.2,72.2,33.3,68.7,81.0,42.6,43.6,58.6,26.5,64.3,10.2,44.9,36.7,60.4,46.0,100.0,100.0,5.1,55.8,6.2,24.7,0.0,0.0,2.0,2.0,1.0,1.0,18.4,1.0,0.0,1.0,1.0,100.0,0.0,2.0,58.2,100.0,100.0,1.0,1.0,16.2,84.8,19.4,33.0,3.1,45.2,39.4,9.3,100.0,62.9,22.7,100.0,53.5,41.8,100.0,2.0,0.0,1.0,0.0,57.1,0.0,59.6,37.1,100.0,100,100,0.0,0.0,0.0,58.9437255859375,58.9437255859375,58.9437255859375,639.571,639.571,639.571,100,0.0,58.9437255859375,639.571,5
11781827.925359,107.07565689086914,39231347.20486208,30951.17962164666,36463817.46321391,4060631.6708024475,36.4515625,0.0,100.0,21.2,35.6,17.6,73.7,80.0,73.5,44.2,42.6,100.0,0.0,61.4,0.0,100.0,82.0,61.4,45.5,100.0,99.0,16.2,2.0,60.0,23.8,2.0,1.0,4.0,11.1,1.0,3.0,2.0,0.0,0.0,2.0,94.0,97.0,0.0,0.0,13.0,84.8,100.0,3.0,0.0,2.0,100.0,4.0,17.0,26.0,44.7,39.4,31.7,8.9,69.0,10.0,100.0,100.0,1.0,75.0,1.0,1.0,12.1,2.0,29.3,0.0,61.4,39.8,100.0,100,100,0.0,0.0,0.0,58.9437255859375,58.9437255859375,58.9437255859375,678.039,678.039,678.039,100,0.0,58.9437255859375,678.039,5
11781828.926203577,107.08272171020508,39256263.050270446,30945.863825037475,36456377.76989748,4063895.725809183,36.4640625,0.0,100.0,5.1,71.0,28.3,90.1,100.0,41.2,42.7,43.1,44.0,54.9,100.0,23.8,91.0,56.4,59.4,46.5,72.7,100.0,1.0,0.0,72.4,17.8,1.0,1.0,3.0,45.0,0.0,1.0,1.0,9.0,1.0,0.0,100.0,100.0,1.0,0.0,3.0,6.0,100.0,4.0,3.0,1.0,100.0,5.9,2.0,42.0,45.3,40.2,58.0,95.0,57.6,5.1,100.0,100.0,24.7,6.1,5.0,2.0,1.0,1.0,0.0,0.0,62.6,38.8,100.0,100,100,0.0,0.0,0.0,58.9437255859375,58.9437255859375,58.9437255859375,684.385,684.385,684.385,100,0.0,58.9437255859375,684.385,5
11781829.926423812,107.18486022949219,39313707.728392266,30965.180369964644,36479134.00197605,4066432.4274766743,36.2171875,0.0,100.0,5.1,47.5,56.0,31.6,71.7,56.6,43.7,43.7,71.7,85.9,88.9,14.0,53.0,11.1,59.0,43.1,100.0,81.6,16.3,1.0,56.6,16.2,0.0,0.0,13.1,6.1,19.2,0.0,1.0,1.0,2.0,1.0,100.0,100.0,0.0,0.0,0.0,99.0,94.0,0.0,0.0,0.0,100.0,4.0,0.0,41.4,45.6,41.2,0.0,100.0,1.0,51.0,100.0,100.0,100.0,8.0,17.2,1.0,21.2,0.0,0.0,0.0,58.0,37.6,100.0,100,100,0.0,0.0,0.0,58.9437255859375,58.9437255859375,58.9437255859375,685.763,685.763,685.763,100,0.0,58.9437255859375,685.763,5
11781830.926173076,107.20766067504883,39365184.278744616,30979.767750837364,36496318.95020615,4068348.082347857,36.040625,0.0,100.0,43.0,45.0,10.0,17.8,93.0,90.1,42.3,41.2,90.1,23.0,58.4,58.6,20.0,28.7,58.6,45.5,100.0,100.0,4.0,1.0,67.0,16.2,0.0,0.0,2.0,3.9,2.0,3.0,1.0,0.0,1.0,2.0,82.4,100.0,0.0,0.0,80.2,100.0,2.0,55.4,0.0,1.0,100.0,4.0,0.0,42.0,43.4,39.0,29.0,71.6,1.0,100.0,100.0,71.7,100.0,5.9,5.0,0.0,2.0,0.0,2.0,0.0,61.0,39.6,99.0,99,99,0.0,0.0,0.0,58.9437255859375,58.9437255859375,58.9437255859375,624.233,624.233,624.233,99,0.0,58.9437255859375,624.233,5
11781831.925772004,107.15233612060547,39406829.98415885,30985.42739366016,36501807.86053273,4073057.5901851747,36.965625,0.0,100.0,48.0,36.6,5.0,100.0,40.2,52.0,44.8,45.5,77.2,34.7,25.3,53.9,44.6,93.1,66.0,52.0,100.0,100.0,51.5,2.9,43.6,37.9,0.0,0.0,4.0,0.0,3.0,3.0,17.8,2.9,3.0,1.0,84.2,9.8,0.0,1.0,20.0,100.0,44.0,100.0,1.0,83.2,16.7,13.7,0.0,40.6,47.7,40.6,5.0,50.0,5.0,100.0,100.0,16.7,100.0,89.0,1.0,0.0,0.0,0.0,0.0,0.0,66.3,40.8,97.0,97,97,0.0,0.0,0.0,58.9437255859375,58.9437255859375,58.9437255859375,556.051,556.051,556.051,97,0.0,58.9437255859375,556.051,5
11781832.925832992,107.16558837890625,39424331.56560134,30972.1110546137,36484942.83477585,4071175.7047336325,35.9171875,0.0,100.0,16.2,1.0,47.0,96.0,77.6,67.0,40.8,42.2,28.3,72.7,33.7,65.3,4.0,96.0,57.6,42.2,100.0,100.0,53.5,32.0,50.0,11.1,0.0,0.0,0.0,1.0,2.0,1.0,0.0,0.0,2.0,0.0,0.0,10.2,0.0,0.0,96.0,100.0,65.7,100.0,1.0,83.0,17.0,7.1,1.0,42.9,45.1,39.2,17.2,32.3,1.0,100.0,100.0,1.0,100.0,100.0,3.0,2.0,0.0,0.0,0.0,0.0,57.1,36.7,99.0,99,99,0.0,0.0,0.0,58.9437255859375,58.9437255859375,58.9437255859375,557.919,557.919,557.919,99,0.0,58.9437255859375,557.919,5
11781833.926256785,107.11912155151367,39442968.35598632,30960.87900395554,36471711.55307672,4069699.290947268,36.25625,0.0,100.0,11.1,91.0,100.0,78.0,51.0,30.6,43.7,43.6,71.7,4.0,65.0,43.4,29.3,34.3,59.0,45.5,33.3,100.0,29.9,42.9,57.0,18.0,1.0,2.0,2.0,2.0,1.0,2.0,3.0,2.0,2.0,3.0,82.8,12.2,0.0,0.0,100.0,56.6,100.0,100.0,0.0,82.8,16.2,43.4,0.0,4.0,44.7,41.2,15.8,15.2,0.0,100.0,100.0,0.0,100.0,100.0,0.0,0.0,1.0,4.0,0.0,0.0,60.8,37.4,99.0,99,99,0.0,0.0,0.0,58.9437255859375,58.9437255859375,58.9437255859375,549.619,549.619,549.619,99,0.0,58.9437255859375,549.619,5
11781834.926557302,107.07175064086914,39480767.346168905,30964.69457341399,36476206.268768795,4070200.8342115157,36.5734375,0.0,100.0,21.0,38.4,67.0,80.0,62.0,64.0,42.3,44.1,52.9,68.0,97.0,13.9,50.5,31.3,61.4,45.6,53.5,36.0,18.8,55.4,34.3,40.4,1.0,0.0,3.0,0.0,1.0,0.0,1.0,4.1,4.0,3.0,97.0,4.0,0.0,0.0,73.7,100.0,99.0,100.0,0.0,63.6,35.4,18.0,0.0,30.7,43.7,40.4,18.2,1.0,40.4,99.0,93.0,7.1,78.2,100.0,1.0,0.0,1.0,0.0,0.0,1.0,62.0,38.4,99.0,99,99,0.0,0.0,0.0,58.9437255859375,58.9437255859375,58.9437255859375,550.595,550.595,550.595,99,0.0,58.9437255859375,550.595,5
11781835.92622982,107.19025802612305,39538528.188692376,30985.147103337797,36499120.83500241,4072757.758194027,36.30625,0.0,100.0,9.0,64.4,31.3,87.0,36.7,77.0,42.7,44.1,15.0,35.0,81.4,85.0,0.0,59.0,59.2,48.5,32.7,100.0,2.0,69.7,43.0,29.7,0.0,0.0,1.0,3.0,2.0,3.0,0.0,2.0,9.2,2.0,100.0,4.0,0.0,0.0,6.0,100.0,100.0,100.0,0.0,9.0,91.0,5.0,0.0,43.0,46.2,38.9,29.3,22.5,79.2,100.0,48.0,36.0,90.9,100.0,0.0,0.0,0.0,1.0,0.0,0.0,60.4,38.6,99.0,99,99,0.0,0.0,0.0,58.9437255859375,58.9437255859375,58.9437255859375,544.476,544.476,544.476,99,0.0,58.9437255859375,544.476,5
11781836.927668892,107.23308944702148,39504441.257137604,30932.485919692346,36434735.78491943,4069663.460484377,36.3578125,0.0,100.0,10.0,22.0,84.2,86.1,83.2,67.3,42.3,41.7,26.0,65.7,60.0,92.1,26.5,11.0,59.8,44.6,63.6,100.0,0.0,72.3,17.0,54.1,0.0,0.0,0.0,2.0,4.0,2.0,19.0,4.0,2.0,3.0,100.0,5.0,0.0,0.0,42.0,67.7,100.0,100.0,0.0,16.8,84.0,17.0,8.9,26.0,42.3,41.0,2.0,19.0,100.0,88.1,2.0,2.0,100.0,100.0,0.0,0.0,0.0,0.0,0.0,0.0,60.6,37.0,99.0,99,99,0.0,0.0,0.0,58.9437255859375,58.9437255859375,58.9437255859375,549.089,549.089,549.089,99,0.0,58.9437255859375,549.089,5
11781837.926805353,107.25508499145508,39628403.674259625,31004.773833096006,36518703.32656007,4079042.412430093,36.25,0.0,100.0,66.0,4.0,59.6,63.6,67.3,65.0,41.6,43.1,70.7,53.5,100.0,70.4,7.1,6.0,57.3,43.1,58.0,100.0,18.2,57.6,12.1,29.7,0.0,0.0,1.0,3.1,2.0,2.0,2.0,2.0,1.0,1.0,100.0,93.9,0.0,0.0,16.2,7.0,100.0,100.0,21.8,100.0,10.1,24.2,6.9,19.2,43.1,40.8,0.0,17.2,100.0,13.3,95.9,2.0,100.0,100.0,1.0,3.0,0.0,0.0,0.0,0.0,58.0,38.4,99.0,99,99,0.0,0.0,0.0,58.9437255859375,58.9437255859375,58.9437255859375,549.634,549.634,549.634,99,0.0,58.9437255859375,549.634,5
11781838.934486715,107.1664810180664,39327731.44511719,30743.845384158692,36209033.29560435,4044453.0903823897,36.6578125,0.0,100.0,14.1,33.7,57.4,56.0,87.0,50.0,41.7,42.2,65.3,78.0,41.0,49.0,38.6,39.2,58.0,45.1,73.0,86.1,23.8,15.0,47.1,3.0,0.0,0.0,20.8,8.9,5.1,6.9,9.0,4.0,6.9,6.9,100.0,100.0,0.0,0.0,3.9,3.0,100.0,100.0,28.0,99.0,4.0,37.0,4.0,9.9,44.7,40.8,1.0,0.0,100.0,49.0,100.0,0.0,100.0,100.0,3.0,2.0,1.0,2.0,1.0,0.0,61.6,38.4,99.0,99,99,0.0,0.0,0.0,58.9437255859375,58.9437255859375,58.9437255859375,548.129,548.129,548.129,99,0.0,58.9437255859375,548.129,5
11781839.926916732,107.20211791992188,39965234.16727921,31216.306931573592,36765482.096574895,4106606.947248767,36.309375,0.0,100.0,19.0,35.4,57.6,42.4,43.4,74.7,43.8,44.1,22.2,83.8,29.7,100.0,16.2,70.7,63.6,53.0,35.7,65.0,1.0,16.3,71.4,0.0,0.0,0.0,2.0,22.4,4.1,2.1,25.8,9.1,4.0,2.0,86.9,67.0,0.0,0.0,41.4,100.0,53.5,100.0,2.0,14.1,85.0,41.4,0.0,7.0,46.2,43.4,17.8,32.0,70.4,26.3,100.0,22.0,100.0,100.0,0.0,0.0,0.0,0.0,0.0,0.0,66.3,40.6,99.0,99,99,0.0,0.0,0.0,58.9437255859375,58.9437255859375,58.9437255859375,550.187,550.187,550.187,99,0.0,58.9437255859375,550.187,5
11781840.927460859,107.26399993896484,39674012.29566208,30963.152110551582,36467325.140969984,4073303.6052161134,36.3921875,0.0,100.0,96.9,27.0,29.6,14.1,97.0,80.8,42.6,44.6,20.8,31.3,32.7,100.0,3.0,96.0,58.8,47.5,99.0,62.2,32.3,12.0,38.4,5.1,0.0,0.0,3.0,17.0,2.0,4.0,5.0,2.0,4.0,2.0,72.4,22.4,13.1,0.0,24.2,100.0,72.0,100.0,0.0,97.0,4.0,1.0,5.0,42.9,45.7,40.8,0.0,2.0,77.0,23.8,100.0,100.0,100.0,68.7,6.0,0.0,0.0,0.0,0.0,0.0,61.0,39.4,99.0,99,99,0.0,0.0,0.0,58.9437255859375,58.9437255859375,58.9437255859375,552.711,552.711,552.711,99,0.0,58.9437255859375,552.711,5
11781841.926436486,107.23076629638672,39769254.54564299,31011.76761357056,36524582.791907944,4079699.1331329593,36.0734375,0.0,100.0,10.9,84.0,60.6,37.0,99.0,33.0,41.3,42.6,74.5,40.6,46.0,44.0,23.8,58.6,56.6,44.6,27.3,100.0,70.7,5.1,0.0,12.1,0.0,0.0,2.0,39.2,1.0,1.0,14.4,2.0,2.0,3.0,1.0,2.0,1.0,0.0,100.0,100.0,100.0,100.0,1.0,10.1,97.0,0.0,4.0,33.7,42.7,40.2,23.2,0.0,91.9,55.6,100.0,100.0,100.0,17.0,8.1,6.1,0.0,0.0,0.0,0.0,58.6,38.6,99.0,99,99,0.0,0.0,0.0,58.9437255859375,58.9437255859375,58.9437255859375,552.915,552.915,552.915,99,0.0,58.9437255859375,552.915,5
11781842.930659937,107.51453018188477,39597616.4066637,30898.50169156578,36333714.33718279,4074694.7264083526,35.8140625,0.0,100.0,19.6,100.0,23.1,44.7,44.1,93.1,45.3,43.3,1.0,0.0,5.8,88.3,22.8,100.0,59.8,44.2,100.0,100.0,52.9,17.5,20.6,0.0,0.0,0.0,9.8,4.9,2.0,2.0,4.9,3.8,44.1,2.0,1.9,1.0,0.0,0.0,100.0,100.0,100.0,100.0,1.0,10.7,60.4,18.6,28.4,3.8,45.8,41.6,100.0,1.0,48.1,34.3,100.0,100.0,100.0,0.0,0.0,0.0,0.0,0.0,0.0,0.0,59.6,36.3,0.0,0,0,0.0,0.0,0.0,6.4554443359375,6.4554443359375,6.4554443359375,260.025,260.025,260.025,0,0.0,6.4554443359375,260.025,5
11781843.938212952,108.32732772827148,39500100.15481093,30803.3418995318,36213645.793583445,4061229.4732588534,41.94375,0.0,100.0,12.3,80.4,45.8,30.8,0.0,67.3,45.5,44.0,35.6,34.0,41.7,92.5,11.3,81.3,58.1,45.9,100.0,100.0,72.0,16.2,0.0,0.0,0.0,0.0,14.2,2.8,3.8,4.8,1.9,1.9,27.6,23.6,1.9,5.6,55.6,68.9,99.1,100.0,93.4,99.1,63.2,55.2,64.2,68.6,63.8,55.2,46.8,43.4,100.0,29.0,85.8,12.3,100.0,100.0,67.6,13.1,0.0,0.9,0.0,0.0,0.0,0.0,58.7,37.7,17.0,17,17,0.0,0.0,0.0,11.7445068359375,11.7445068359375,11.7445068359375,129.477,129.477,129.477,17,0.0,11.7445068359375,129.477,5
11781844.926972294,108.29462432861328,40287028.68790885,31401.97888694577,36901970.407434806,4142565.15575155,36.803125,0.0,100.0,18.9,89.0,76.9,66.3,85.7,78.9,48.4,48.9,50.5,2.2,31.1,20.0,26.7,73.6,62.9,52.2,100.0,100.0,24.4,18.7,47.2,0.0,0.0,0.0,2.2,1.1,2.2,3.4,2.2,2.2,37.0,2.3,26.7,96.7,29.2,4.3,100.0,100.0,35.6,47.3,25.0,9.9,1.1,6.6,12.1,60.9,48.9,46.6,100.0,19.8,96.7,17.2,39.6,100.0,14.3,18.7,19.1,1.1,0.0,0.0,0.0,0.0,62.9,40.0,100.0,100,100,0.0,0.0,0.0,77.0257568359375,77.0257568359375,77.0257568359375,362.315,362.315,362.315,100,0.0,77.0257568359375,362.315,5
11781845.92797468,108.33937454223633,39827177.78611043,31018.90707522566,36450630.39066497,4091898.3375241323,36.059375,0.0,100.0,99.0,3.1,35.1,71.0,100.0,100.0,41.7,42.6,42.4,41.4,46.9,4.0,57.0,12.2,56.6,43.6,100.0,100.0,0.0,19.0,73.7,0.0,0.0,0.0,8.2,2.0,0.0,2.0,2.0,1.0,6.1,25.5,26.3,100.0,0.0,0.0,100.0,100.0,28.0,35.7,43.0,1.0,0.0,0.0,6.0,100.0,42.7,40.2,100.0,2.0,100.0,36.1,93.0,100.0,3.0,0.0,18.2,3.0,0.0,0.0,1.0,0.0,57.1,35.4,100.0,100,100,0.0,0.0,0.0,77.0257568359375,77.0257568359375,77.0257568359375,667.956,667.956,667.956,100,0.0,77.0257568359375,667.956,5
11781846.928675463,108.42236709594727,39872082.323151544,31029.25522591612,36461616.319695964,4093131.6030193046,36.1046875,0.0,100.0,77.0,6.1,52.0,67.7,100.0,100.0,44.3,44.2,14.1,11.1,1.0,97.0,93.0,2.0,59.6,45.5,83.2,100.0,35.0,16.2,39.0,0.0,0.0,1.0,10.0,10.1,1.0,3.0,8.0,2.0,27.0,8.0,67.3,100.0,0.0,0.0,81.0,100.0,15.2,30.3,5.0,1.0,0.0,37.6,4.0,100.0,45.2,40.2,46.0,0.0,74.3,94.0,97.0,100.0,1.0,7.9,1.0,4.0,2.0,1.0,0.0,0.0,59.6,38.0,100.0,100,100,0.0,0.0,0.0,77.0257568359375,77.0257568359375,77.0257568359375,670.811,670.811,670.811,100,0.0,77.0257568359375,670.811,5
11781847.927987082,108.36140441894531,39963218.94032288,31074.391035698067,36512302.393237665,4098821.5529005015,36.5359375,0.0,100.0,23.5,91.9,32.7,100.0,100.0,100.0,43.3,46.1,43.0,0.0,3.0,84.8,76.0,56.0,60.4,47.1,86.1,30.3,6.1,7.0,64.3,11.0,1.0,0.0,2.0,1.0,0.0,4.0,17.0,1.0,1.0,1.0,100.0,100.0,0.0,0.0,13.1,100.0,1.0,86.1,0.0,0.0,1.0,41.0,9.9,100.0,44.3,41.8,69.0,74.3,0.0,51.5,7.0,100.0,2.0,100.0,1.0,48.0,8.1,0.0,0.0,0.0,60.2,38.4,100.0,100,100,0.0,0.0,0.0,77.0257568359375,77.0257568359375,77.0257568359375,678.882,678.882,678.882,100,0.0,77.0257568359375,678.882,5
11781848.927459868,108.33947372436523,39989716.14856326,31070.38074775996,36506414.702372745,4098160.608708211,35.96875,0.0,100.0,22.7,10.1,71.4,100.0,100.0,31.0,42.7,41.7,34.3,2.0,1.0,36.0,39.6,43.4,56.6,40.6,100.0,100.0,1.0,16.3,8.1,67.7,21.4,0.0,1.0,3.0,2.0,2.0,2.0,2.0,0.0,2.0,100.0,97.0,0.0,0.0,0.0,100.0,46.0,100.0,0.0,2.0,0.0,0.0,46.5,100.0,44.1,38.1,100.0,100.0,0.0,1.0,98.0,100.0,1.0,100.0,0.0,33.0,0.0,0.0,0.0,0.0,57.1,36.6,100.0,100,100,0.0,0.0,0.0,77.0257568359375,77.0257568359375,77.0257568359375,682.062,682.062,682.062,100,0.0,77.0257568359375,682.062,5
11781849.927409356,108.32096862792969,40006338.768625155,31056.56870489966,36489011.10414479,4100303.1112762606,36.1234375,0.0,100.0,15.3,40.6,89.0,100.0,100.0,24.2,42.3,42.2,58.6,0.0,60.4,71.3,1.0,82.2,58.6,46.1,100.0,100.0,52.0,17.0,1.0,70.4,4.0,0.0,1.0,0.0,1.0,4.0,0.0,4.0,2.0,2.0,81.0,92.9,1.0,0.0,3.0,100.0,2.0,61.0,1.0,1.0,0.0,8.1,42.0,100.0,45.7,40.8,26.0,100.0,5.0,1.0,100.0,100.0,10.1,100.0,2.0,0.0,0.0,0.0,0.0,0.0,61.4,36.7,100.0,100,100,0.0,0.0,0.0,77.0257568359375,77.0257568359375,77.0257568359375,689.53,689.53,689.53,100,0.0,77.0257568359375,689.53,5
11781850.9276974,108.41210174560547,40025712.86673763,31047.057107215423,36476661.14684966,4098915.3354284368,36.0328125,0.0,100.0,31.4,8.9,24.0,99.0,100.0,100.0,42.3,41.6,21.4,33.7,97.0,21.0,1.0,43.6,55.9,41.2,100.0,100.0,28.3,17.0,0.0,71.6,10.0,0.0,2.9,1.0,1.0,1.0,2.0,17.0,3.0,1.0,100.0,100.0,0.0,0.0,45.5,100.0,2.0,1.0,39.6,26.5,0.0,4.9,4.0,74.3,42.9,39.8,100.0,100.0,7.8,2.0,100.0,100.0,0.0,100.0,1.0,1.0,2.0,0.0,0.0,0.0,56.4,37.6,99.0,99,99,0.0,0.0,0.0,77.0277099609375,77.0277099609375,77.0277099609375,606.261,606.261,606.261,99,0.0,77.0277099609375,606.261,5
11781851.928358207,108.48149490356445,40043704.84376583,31035.49153322678,36463072.950007185,4097388.4174850914,36.3953125,0.0,100.0,4.0,44.9,11.8,78.2,44.4,92.1,43.4,44.7,41.8,63.0,53.0,27.0,52.0,14.0,60.6,45.0,100.0,100.0,0.0,19.0,67.3,3.1,0.0,1.0,9.1,15.8,1.0,20.8,3.0,18.4,10.1,4.0,100.0,100.0,0.0,0.0,100.0,100.0,33.3,22.0,36.0,79.8,1.0,5.0,0.0,27.0,44.7,40.0,100.0,27.0,42.9,1.0,100.0,78.2,1.0,100.0,0.0,1.0,0.0,0.0,0.0,0.0,60.2,36.7,99.0,99,99,0.0,0.0,0.0,77.0277099609375,77.0277099609375,77.0277099609375,606.585,606.585,606.585,99,0.0,77.0277099609375,606.585,5
11781852.927695554,108.44766235351562,40132444.8759905,31077.593653694996,36511362.35560753,4102814.741576464,36.25625,0.0,100.0,3.0,48.5,61.0,30.3,34.0,100.0,41.7,41.6,57.0,72.0,69.0,1.0,96.0,0.0,58.0,43.1,100.0,100.0,0.0,17.6,70.7,3.0,0.0,0.0,2.0,16.0,20.8,3.0,17.0,1.0,22.4,1.0,100.0,100.0,0.0,0.0,100.0,77.0,100.0,5.1,27.6,17.0,0.0,7.1,0.0,99.0,45.3,39.8,100.0,38.0,13.9,0.0,100.0,7.1,12.2,100.0,3.0,0.0,0.0,0.0,0.0,0.0,59.0,38.6,99.0,99,99,0.0,0.0,0.0,77.0296630859375,77.0296630859375,77.0296630859375,605.96,605.96,605.96,99,0.0,77.0296630859375,605.96,5
11781853.928286608,108.49385833740234,40115064.80807048,31038.654461782775,36465614.83211571,4097674.0510718264,36.06875,0.0,100.0,8.0,98.0,44.4,60.0,82.0,51.0,43.8,45.6,76.8,87.0,87.1,18.2,12.0,11.0,61.0,48.5,100.0,99.0,0.0,0.0,70.3,17.2,0.0,0.0,2.0,27.0,31.3,1.0,2.0,1.0,2.0,2.0,76.0,71.7,0.0,0.0,100.0,11.0,100.0,2.0,60.4,20.2,20.0,5.0,0.0,44.6,43.1,39.8,100.0,11.1,1.0,6.0,63.6,96.0,46.0,100.0,1.0,0.0,1.0,0.0,0.0,0.0,61.9,37.8,99.0,99,99,0.0,0.0,0.0,77.0296630859375,77.0296630859375,77.0296630859375,591.03,591.03,591.03,99,0.0,77.0296630859375,591.03,5
11781854.928386236,108.46971893310547,40167697.20073661,31053.906183138457,36483533.24404842,4099687.559193137,36.465625,0.0,100.0,33.0,57.1,32.0,96.0,100.0,22.8,42.9,40.6,59.4,15.0,51.0,90.0,48.0,18.2,56.6,42.6,100.0,77.0,0.0,0.0,73.7,18.8,0.0,0.0,13.1,1.0,13.0,3.0,1.0,7.8,3.0,3.0,87.1,15.0,6.9,0.0,100.0,97.0,99.0,47.5,55.0,28.3,14.4,5.1,0.0,44.4,43.8,39.8,100.0,12.0,2.0,2.0,100.0,100.0,3.0,100.0,17.3,1.0,0.0,0.0,0.0,0.0,56.6,37.0,99.0,99,99,0.0,0.0,0.0,77.0296630859375,77.0296630859375,77.0296630859375,596.44,596.44,596.44,99,0.0,77.0296630859375,596.44,5
11781855.928316591,108.49385833740234,40210184.41023176,31061.163233036703,36489709.30033914,4104477.853495714,36.275,0.0,100.0,4.0,77.0,18.4,85.1,55.6,64.0,41.7,41.6,36.0,68.0,2.0,100.0,1.0,1.0,56.6,43.1,100.0,100.0,0.0,0.0,70.4,17.0,0.0,0.0,7.0,4.0,29.3,15.2,4.0,6.1,13.4,5.1,100.0,19.0,0.0,0.0,100.0,100.0,100.0,100.0,93.9,22.8,23.0,9.0,1.0,6.0,43.3,39.6,100.0,1.0,0.0,1.0,100.0,100.0,0.0,100.0,0.0,0.0,1.0,0.0,2.0,0.0,56.7,35.7,100.0,100,100,0.0,0.0,0.0,77.0296630859375,77.0296630859375,77.0296630859375,593.616,593.616,593.616,100,0.0,77.0296630859375,593.616,5
11781856.935375098,107.0603256225586,39958262.33235116,30842.29941885204,36231428.21641844,4075425.5806972696,36.1171875,0.0,100.0,29.3,53.5,80.4,31.6,44.0,65.0,43.7,43.6,31.6,20.2,1.0,65.0,76.0,1.0,60.8,49.5,100.0,65.7,0.0,14.1,15.0,64.0,0.0,0.0,16.5,8.2,3.0,4.1,2.0,1.0,17.0,16.3,100.0,6.1,0.0,0.0,100.0,93.0,100.0,100.0,98.0,42.4,0.0,1.0,5.0,2.0,44.7,41.4,26.0,43.3,76.8,7.1,95.0,100.0,6.1,100.0,0.0,1.0,0.0,0.0,0.0,0.0,61.5,38.0,99.0,99,99,0.0,0.0,0.0,77.0296630859375,77.0296630859375,77.0296630859375,589.569,589.569,589.569,99,0.0,77.0296630859375,589.569,5
11781857.928678824,107.13108444213867,40544730.64609968,31270.39514977348,36733143.21033354,4131860.069235991,36.525,0.0,100.0,5.0,45.0,100.0,0.0,41.0,61.0,42.3,42.0,27.0,73.0,12.0,28.3,99.0,12.9,60.0,45.6,87.0,29.7,0.0,19.0,10.0,61.2,1.0,1.0,3.0,2.0,28.3,9.0,17.8,2.0,0.0,21.4,100.0,3.0,2.0,0.0,100.0,54.5,99.0,100.0,1.0,43.4,0.0,0.0,5.0,99.0,45.2,40.2,26.3,48.5,85.0,3.0,98.0,100.0,97.0,100.0,0.0,0.0,1.0,0.0,0.0,2.0,60.6,37.4,99.0,99,99,0.0,0.0,0.0,77.0296630859375,77.0296630859375,77.0296630859375,593.281,593.281,593.281,99,0.0,77.0296630859375,593.281,5
11781858.93547412,107.18982696533203,40036854.703544445,30853.342392111434,36240900.33874679,4076491.0349600683,36.115625,0.0,100.0,50.5,1.0,71.0,47.0,30.0,99.0,42.7,43.1,47.5,31.7,26.3,58.4,47.5,73.0,57.6,44.6,82.8,71.7,0.0,18.0,71.0,0.0,0.0,0.0,1.0,2.0,39.4,1.0,1.0,4.0,3.0,18.0,100.0,1.0,0.0,0.0,100.0,100.0,4.0,100.0,91.0,20.2,25.5,0.0,8.1,8.9,43.8,40.8,16.0,12.0,100.0,0.0,100.0,57.8,100.0,100.0,0.0,0.0,2.0,0.0,0.0,0.0,57.7,38.8,99.0,99,99,0.0,0.0,0.0,77.0296630859375,77.0296630859375,77.0296630859375,591.641,591.641,591.641,99,0.0,77.0296630859375,591.641,5
11781859.929228766,107.25551986694336,40595373.485913895,31258.21864681246,36716475.39345778,4129985.2205034452,36.440625,0.0,100.0,11.1,58.0,51.0,50.0,32.3,50.5,43.8,45.6,78.6,73.7,97.0,13.1,15.0,79.8,59.0,45.1,85.9,100.0,1.0,17.0,55.0,17.0,0.0,0.0,4.0,4.1,25.0,1.0,8.2,9.0,1.0,33.7,99.0,0.0,0.0,0.0,100.0,100.0,1.0,100.0,76.0,14.0,35.4,0.0,4.0,17.2,45.3,40.0,17.2,3.0,100.0,11.1,63.3,43.0,100.0,100.0,0.0,0.0,0.0,0.0,0.0,0.0,59.8,37.4,99.0,99,99,0.0,0.0,0.0,77.0296630859375,77.0296630859375,77.0296630859375,595.385,595.385,595.385,99,0.0,77.0296630859375,595.385,5
11781860.928742012,107.33303451538086,40397193.49071221,31079.127886115966,36504936.919720516,4110288.698976165,36.29375,0.0,100.0,14.0,65.0,94.0,34.7,41.4,11.2,42.7,44.6,42.0,79.0,29.0,2.0,100.0,56.4,60.8,49.0,100.0,100.0,1.0,17.2,23.5,48.0,0.0,2.0,1.0,23.2,8.2,3.0,17.5,6.1,5.0,12.0,17.2,5.9,2.0,1.0,92.0,100.0,4.0,100.0,16.0,43.0,84.0,0.0,8.9,0.0,45.1,41.8,58.2,54.5,93.9,69.7,5.0,55.6,100.0,91.8,1.0,0.0,1.0,0.0,0.0,0.0,61.0,36.7,99.0,99,99,0.0,0.0,0.0,77.0296630859375,77.0296630859375,77.0296630859375,600.22,600.22,600.22,99,0.0,77.0296630859375,600.22,5
11781861.9288829,107.3996696472168,40404761.429064564,31059.624052540006,36482028.09753632,4107709.270524127,36.50625,0.0,100.0,7.9,6.0,54.5,94.9,85.0,62.6,43.3,44.7,9.1,100.0,56.0,14.0,70.6,100.0,61.0,47.5,100.0,100.0,0.0,18.0,49.0,22.2,2.0,0.0,2.0,3.0,3.0,2.0,19.8,1.0,9.1,27.0,23.0,9.2,0.0,0.0,46.5,100.0,63.0,86.9,100.0,9.0,0.0,0.0,5.9,34.3,46.7,41.8,100.0,100.0,48.5,3.0,3.0,67.0,100.0,29.0,1.0,2.0,0.0,0.0,0.0,1.0,62.0,38.4,99.0,99,99,0.0,0.0,0.0,77.0296630859375,77.0296630859375,77.0296630859375,597.779,597.779,597.779,99,0.0,77.0296630859375,597.779,5
11781862.930159643,107.36259841918945,40391808.055260204,31024.389837777715,36440642.67668325,4103049.461687617,36.265625,0.0,100.0,3.0,12.1,90.0,49.0,56.6,88.9,43.1,45.0,39.4,83.0,61.4,17.2,31.6,83.0,59.2,45.0,100.0,100.0,0.0,18.0,0.0,72.7,0.0,0.0,15.0,0.0,0.0,16.2,18.4,3.0,29.3,0.0,67.3,49.5,0.0,0.0,2.0,100.0,100.0,15.0,100.0,1.0,0.0,0.0,5.0,44.1,44.7,40.2,46.0,100.0,2.0,3.0,70.7,100.0,52.5,100.0,0.0,1.0,1.0,0.0,0.0,0.0,59.8,36.1,99.0,99,99,0.0,0.0,0.0,77.0296630859375,77.0296630859375,77.0296630859375,595.332,595.332,595.332,99,0.0,77.0296630859375,595.332,5
11781863.9289382,107.40087509155273,40528566.31721917,31102.990517453763,36531789.483751565,4113312.1746972185,35.8828125,0.0,100.0,4.0,15.0,100.0,55.4,76.2,73.0,42.9,41.2,63.4,53.5,34.3,26.5,49.0,100.0,54.5,39.6,100.0,100.0,0.0,17.2,15.0,56.1,0.0,0.0,7.1,2.9,1.0,25.3,2.0,3.0,26.0,3.9,100.0,63.0,0.0,0.0,1.0,100.0,100.0,0.0,48.5,0.0,50.5,1.0,40.4,10.2,42.3,38.8,0.0,39.0,0.0,75.8,99.0,100.0,0.0,100.0,3.0,2.0,1.0,0.0,0.0,0.0,56.6,36.4,99.0,99,99,0.0,0.0,0.0,77.0296630859375,77.0296630859375,77.0296630859375,595.359,595.359,595.359,99,0.0,77.0296630859375,595.359,5
11781864.929865776,107.44146728515625,40474450.913922496,31043.20510112141,36453354.78189604,4104480.7865111954,36.51875,0.0,100.0,14.3,39.4,55.0,66.7,96.0,80.0,43.3,42.6,100.0,44.6,46.0,3.0,11.9,100.0,61.0,46.5,98.0,100.0,0.0,18.4,36.0,33.3,0.0,0.0,37.0,0.0,0.0,17.0,1.0,3.0,4.0,1.0,100.0,100.0,1.0,0.0,1.0,100.0,59.4,2.0,69.3,1.0,31.3,5.0,42.9,0.0,46.7,41.2,18.0,43.4,67.0,100.0,21.2,80.8,3.0,100.0,0.0,1.0,1.0,1.0,0.0,0.0,63.0,38.0,99.0,99,99,0.0,0.0,0.0,77.0296630859375,77.0296630859375,77.0296630859375,598.311,598.311,598.311,99,0.0,77.0296630859375,598.311,5
11781865.930079002,107.4649429321289,40539035.01141875,31066.375831519603,36479389.634595804,4111507.3184928363,35.9390625,0.0,100.0,25.5,73.5,41.8,58.2,54.6,100.0,42.2,41.4,52.5,58.6,85.7,27.7,30.3,66.0,57.7,43.9,60.6,100.0,1.0,16.5,5.1,67.0,0.0,0.0,33.0,0.0,0.0,2.0,1.0,2.0,22.7,2.0,100.0,100.0,0.0,0.0,0.0,100.0,100.0,1.0,1.0,2.0,100.0,10.1,42.6,0.0,45.6,39.2,37.4,40.4,100.0,100.0,0.0,1.0,12.2,100.0,0.0,1.0,0.0,0.0,0.0,0.0,57.7,36.4,100.0,100,100,0.0,0.0,0.0,77.0296630859375,77.0296630859375,77.0296630859375,682.91,682.91,682.91,100,0.0,77.0296630859375,682.91,5
11781866.929699868,107.53081893920898,40595994.320474364,31086.786056598045,36501006.77158972,4113943.7358190473,36.196875,0.0,100.0,41.0,18.8,57.0,21.2,45.0,100.0,44.2,43.3,17.0,73.0,97.0,86.9,100.0,25.3,61.2,48.0,100.0,100.0,0.0,17.0,64.3,7.0,2.0,0.0,20.0,3.0,1.0,0.0,0.0,3.0,34.7,2.0,70.7,100.0,2.0,1.0,13.9,99.0,57.6,1.0,0.0,0.0,100.0,1.0,42.4,5.9,45.7,39.6,0.0,49.5,100.0,100.0,6.0,45.0,1.0,100.0,3.0,1.0,1.0,0.0,0.0,0.0,60.0,37.4,100.0,100,100,0.0,0.0,0.0,77.0296630859375,77.0296630859375,77.0296630859375,683.894,683.894,683.894,100,0.0,77.0296630859375,683.894,5
11781867.929284075,107.50910568237305,40630420.83192183,31088.92654835919,36502345.40834219,4118192.3142550406,36.7546875,0.0,100.0,42.4,56.6,100.0,59.6,58.4,100.0,42.3,45.1,49.0,41.4,18.8,97.0,53.1,86.0,59.6,47.6,31.6,99.0,1.0,17.2,73.0,0.0,0.0,0.0,3.1,1.0,0.0,25.0,18.8,3.0,8.0,3.0,97.0,100.0,2.0,22.0,2.0,11.9,3.0,91.9,1.0,1.0,100.0,0.0,42.4,4.0,44.2,41.2,32.3,13.0,100.0,100.0,69.3,4.0,19.2,96.0,3.0,0.0,9.1,2.0,0.0,1.0,59.8,39.4,100.0,100,100,0.0,0.0,0.0,77.0296630859375,77.0296630859375,77.0296630859375,686.991,686.991,686.991,100,0.0,77.0296630859375,686.991,5
11781868.929757,107.58366012573242,40629997.034136906,31063.309365674955,36469920.44086993,4114534.13146321,36.2734375,0.0,100.0,10.1,46.0,68.0,47.5,85.0,95.0,43.8,44.1,3.9,49.0,2.0,99.0,52.5,41.0,60.0,46.5,98.0,100.0,0.0,8.9,48.0,35.7,0.0,0.0,2.0,1.0,2.0,2.0,1.0,0.0,2.0,1.0,100.0,100.0,1.0,40.2,25.3,46.5,68.0,100.0,0.0,0.0,100.0,0.0,42.6,9.0,44.2,39.8,3.0,3.9,69.7,100.0,100.0,0.0,29.3,100.0,1.0,2.0,0.0,0.0,0.0,1.0,62.0,38.0,100.0,100,100,0.0,0.0,0.0,77.0296630859375,77.0296630859375,77.0296630859375,688.987,688.987,688.987,100,0.0,77.0296630859375,688.987,5
11781869.930506088,107.65340042114258,40651712.332343414,31055.736552679475,36459856.39696763,4113398.7066628267,36.3921875,0.0,100.0,26.3,76.8,100.0,30.3,87.9,48.0,44.6,44.6,56.1,100.0,20.0,15.2,3.0,52.0,64.3,51.5,52.5,100.0,0.0,0.0,49.0,35.0,1.0,0.0,3.1,2.0,1.0,1.0,0.0,1.0,1.0,1.0,64.6,100.0,2.0,42.9,15.2,36.0,100.0,100.0,0.0,0.0,100.0,0.0,42.4,5.9,47.1,42.3,3.1,5.0,67.0,100.0,100.0,80.0,3.0,100.0,0.0,0.0,1.0,0.0,0.0,0.0,64.0,39.4,100.0,100,100,0.0,0.0,0.0,77.0296630859375,77.0296630859375,77.0296630859375,688.133,688.133,688.133,100,0.0,77.0296630859375,688.133,5
11781870.935262145,107.59693908691406,40522311.55076318,30931.886166633787,36314454.36207224,4096994.458226605,36.209375,0.0,100.0,5.0,55.9,75.2,46.6,27.5,69.6,43.4,43.7,13.9,91.2,9.8,79.4,1.0,66.3,58.3,43.7,82.4,100.0,0.0,1.0,16.7,71.8,0.0,0.0,3.9,0.0,3.0,2.0,1.0,2.9,4.0,4.0,16.8,100.0,0.0,41.6,7.0,33.7,100.0,100.0,0.0,9.8,100.0,0.0,33.3,4.0,44.9,40.0,27.5,27.7,100.0,100.0,100.0,100.0,0.0,100.0,5.9,2.9,1.0,1.0,0.0,0.0,59.8,37.3,99.0,99,99,0.0,0.0,0.0,77.0296630859375,77.0296630859375,77.0296630859375,654.287,654.287,654.287,99,0.0,77.0296630859375,654.287,5
11781871.92982813,107.72587585449219,40973294.52844376,31249.811970927876,36686523.145162694,4138971.2349448255,36.0765625,0.0,100.0,6.9,75.8,69.7,14.3,2.1,48.5,42.6,41.6,45.0,98.0,60.2,41.8,17.0,90.9,57.1,43.0,100.0,100.0,1.0,1.0,23.5,66.7,0.0,0.0,1.0,3.0,1.0,1.0,0.0,2.0,1.0,2.0,27.3,100.0,0.0,0.0,3.0,52.6,100.0,100.0,2.0,4.0,99.0,1.0,43.0,9.0,44.8,37.9,16.2,31.3,28.3,100.0,100.0,100.0,2.0,99.0,56.1,0.0,1.0,0.0,0.0,0.0,57.3,36.4,100.0,100,100,0.0,0.0,0.0,77.0296630859375,77.0296630859375,77.0296630859375,615.942,615.942,615.942,100,0.0,77.0296630859375,615.942,5
11781872.930428144,107.73557662963867,40759041.00958043,31061.362751157896,36465288.32079924,4114011.5359680327,36.253125,0.0,100.0,3.1,54.5,61.4,61.0,82.5,84.2,42.3,41.6,29.0,73.3,18.6,0.0,100.0,74.0,60.2,47.6,100.0,100.0,1.0,0.0,18.8,71.1,1.0,1.0,0.0,0.0,1.0,2.0,15.8,0.0,2.0,1.0,24.2,100.0,3.0,0.0,28.3,58.8,100.0,59.0,25.7,22.0,74.7,1.0,22.2,3.0,45.2,39.8,0.0,87.0,2.0,100.0,100.0,100.0,2.0,23.2,33.3,20.2,1.0,0.0,0.0,0.0,59.2,37.4,98.0,98,98,0.0,0.0,0.0,77.0296630859375,77.0296630859375,77.0296630859375,595.581,595.581,595.581,98,0.0,77.0296630859375,595.581,5
11781873.930518512,107.67289352416992,40812662.83752748,31087.19070988804,36483871.02218476,4144777.4443703387,36.3015625,0.0,100.0,5.0,98.0,69.7,100.0,36.4,71.7,44.2,43.3,60.0,72.7,12.2,37.0,19.2,0.0,57.1,42.6,100.0,100.0,1.0,0.0,18.8,72.4,0.0,0.0,5.0,1.0,2.0,1.0,3.0,3.0,1.0,3.0,70.0,100.0,0.0,0.0,100.0,3.0,100.0,30.0,32.7,2.0,67.0,0.0,44.0,6.1,44.8,39.2,1.0,51.5,0.0,100.0,100.0,100.0,1.0,96.0,34.3,24.8,0.0,0.0,0.0,0.0,57.6,38.0,99.0,99,99,0.0,0.0,0.0,77.0296630859375,77.0296630859375,77.0296630859375,613.341,613.341,613.341,99,0.0,77.0296630859375,613.341,5
11781874.930288278,107.70235061645508,40861365.680418886,31098.159857353807,36495570.52542937,4146106.575183489,36.340625,0.0,100.0,27.0,17.0,88.0,67.0,82.8,65.3,42.7,44.2,23.0,100.0,55.6,2.0,55.0,30.0,60.4,46.5,100.0,92.0,0.0,0.0,50.0,39.4,0.0,0.0,1.0,5.0,0.0,3.9,1.0,2.0,3.0,2.0,100.0,100.0,0.0,0.0,100.0,5.0,100.0,19.2,34.3,0.0,65.7,0.0,43.4,8.9,46.7,41.4,1.0,12.0,47.0,58.6,47.0,100.0,34.3,100.0,2.0,56.1,0.0,0.0,0.0,0.0,59.8,37.6,99.0,99,99,0.0,0.0,0.0,77.0296630859375,77.0296630859375,77.0296630859375,606.635,606.635,606.635,99,0.0,77.0296630859375,606.635,5
11781875.930723565,107.70075607299805,40867047.100239314,31077.472376152873,36471292.51564919,4143348.4537311387,36.4671875,0.0,100.0,8.2,39.0,32.7,55.0,87.3,87.9,43.4,43.3,73.0,100.0,18.0,25.7,6.0,44.6,56.0,44.7,100.0,60.4,0.0,0.0,62.4,24.2,0.0,0.0,4.0,3.0,8.2,3.0,4.0,2.0,2.0,1.0,100.0,99.0,0.0,0.0,100.0,6.0,99.0,30.7,74.7,33.3,24.8,0.0,10.0,4.0,43.1,39.8,1.0,32.7,43.0,100.0,1.0,100.0,100.0,100.0,19.8,36.4,0.0,0.0,0.0,0.0,59.6,37.0,98.0,98,98,0.0,0.0,0.0,77.0296630859375,77.0296630859375,77.0296630859375,593.402,593.402,593.402,98,0.0,77.0296630859375,593.402,5
11781876.932973407,107.68808364868164,40828611.05523888,31023.202679826143,36405261.89421628,4135846.995615949,35.9875,0.0,100.0,4.0,25.7,2.0,81.0,100.0,99.0,41.7,40.6,82.8,100.0,32.0,52.5,9.0,18.0,57.1,40.2,100.0,100.0,8.9,0.0,55.1,27.0,0.0,0.0,1.0,1.0,3.0,49.0,2.0,2.0,4.0,4.1,100.0,100.0,0.0,0.0,100.0,2.0,100.0,6.1,11.2,1.0,88.0,0.0,42.4,9.1,43.3,40.4,0.0,0.0,21.2,100.0,0.0,100.0,100.0,100.0,4.0,0.0,0.0,0.0,0.0,0.0,55.1,36.7,99.0,99,99,0.0,0.0,0.0,77.0296630859375,77.0296630859375,77.0296630859375,598.321,598.321,598.321,99,0.0,77.0296630859375,598.321,5
11781877.931157315,107.71220779418945,41027855.36232198,31150.572307000555,36553552.6166359,4152693.674004887,36.0625,0.0,100.0,25.0,4.0,53.1,43.9,71.0,38.4,41.2,43.1,56.0,100.0,57.0,73.0,14.9,2.0,58.2,47.0,100.0,100.0,18.0,0.0,44.4,27.3,0.0,0.0,4.0,3.0,2.0,39.4,0.0,2.0,11.1,10.0,100.0,100.0,0.0,0.0,100.0,11.1,79.8,13.0,81.2,23.0,19.2,0.0,20.2,5.0,44.8,40.2,5.0,47.5,10.0,76.0,45.0,99.0,100.0,100.0,0.0,0.0,0.0,0.0,0.0,0.0,61.2,37.8,99.0,99,99,0.0,0.0,0.0,77.0296630859375,77.0296630859375,77.0296630859375,593.417,593.417,593.417,99,0.0,77.0296630859375,593.417,5
11781878.935971145,107.68546676635742,40789865.54451469,30946.031084609738,36312366.46140465,4125293.5405188045,36.271875,0.0,100.0,38.4,3.0,41.6,3.0,59.4,80.0,42.3,43.7,66.0,100.0,100.0,2.0,33.3,0.0,57.0,44.1,100.0,100.0,18.0,0.0,0.0,71.0,0.0,1.0,2.1,19.6,2.0,2.0,3.0,18.8,23.5,12.2,100.0,100.0,0.0,0.0,100.0,99.0,100.0,9.0,92.0,14.1,6.1,1.0,29.0,4.0,43.8,40.8,1.0,46.9,1.0,100.0,25.0,27.0,100.0,100.0,0.0,0.0,0.0,0.0,0.0,0.0,56.7,38.0,99.0,99,99,0.0,0.0,0.0,77.0296630859375,77.0296630859375,77.0296630859375,591.682,591.682,591.682,99,0.0,77.0296630859375,591.682,5
11781879.93007015,107.71904373168945,41265360.6432202,31280.58655178226,36703756.64565925,4173878.0289686597,36.2453125,0.0,100.0,12.0,59.0,51.5,3.0,1.0,100.0,42.7,42.2,94.0,47.0,100.0,52.5,0.0,6.0,57.6,43.1,100.0,100.0,17.6,0.0,0.0,71.4,0.0,0.0,3.0,16.2,5.1,2.0,0.0,0.0,24.2,20.4,100.0,100.0,0.0,0.0,100.0,26.0,100.0,6.1,85.0,16.0,0.0,14.9,29.0,8.9,44.8,39.2,29.0,16.8,32.7,100.0,100.0,0.0,100.0,100.0,0.0,2.0,0.0,0.0,0.0,0.0,58.8,39.0,100.0,100,100,0.0,0.0,0.0,77.0296630859375,77.0296630859375,77.0296630859375,598.449,598.449,598.449,100,0.0,77.0296630859375,598.449,5
11781880.930356655,107.7312240600586,41042990.99320432,31087.09340392236,36476717.25175608,4148059.5617454993,35.9234375,0.0,100.0,4.0,26.0,100.0,63.6,16.2,85.0,42.3,43.6,47.0,67.3,48.5,86.0,50.5,1.0,57.1,44.1,100.0,100.0,17.2,0.0,63.3,8.1,1.0,0.0,1.0,1.0,1.0,1.0,11.1,44.4,3.0,2.0,74.0,62.6,0.0,0.0,100.0,43.6,100.0,3.0,29.7,24.2,0.0,70.7,18.2,4.0,43.7,41.2,50.0,1.0,17.3,100.0,100.0,1.0,100.0,77.8,1.0,0.0,0.0,0.0,0.0,0.0,59.6,40.2,99.0,99,99,0.0,0.0,0.0,77.0296630859375,77.0296630859375,77.0296630859375,602.063,602.063,602.063,99,0.0,77.0296630859375,602.063,5
11781881.930405382,107.68995666503906,41088406.893533975,31095.484816620494,36485390.18379526,4149045.830285653,36.2734375,0.0,100.0,6.0,71.7,74.5,91.9,100.0,61.6,43.1,44.7,49.0,77.8,15.8,32.7,54.0,9.2,59.4,46.0,100.0,100.0,17.2,1.0,69.7,0.0,3.0,0.0,3.0,3.1,3.0,1.0,4.1,51.5,6.1,3.0,100.0,85.9,0.0,0.0,40.8,9.2,100.0,13.3,8.1,34.7,1.0,91.9,9.0,8.1,45.2,39.6,35.7,20.4,74.5,100.0,100.0,1.0,100.0,2.0,0.0,0.0,0.0,0.0,0.0,0.0,60.2,37.8,99.0,99,99,0.0,0.0,0.0,77.0296630859375,77.0296630859375,77.0296630859375,598.59,598.59,598.59,99,0.0,77.0296630859375,598.59,5
11781882.93583402,107.74306106567383,40901270.79446854,30929.09711851223,36290161.837202035,4126844.8519404647,35.9078125,0.0,100.0,6.0,100.0,100.0,100.0,92.1,34.7,40.8,40.2,78.2,82.0,33.0,57.0,12.0,36.6,55.9,41.2,100.0,100.0,18.8,0.0,71.0,0.0,2.0,1.0,2.0,2.0,1.0,3.0,1.0,13.9,42.0,0.0,100.0,100.0,0.0,0.0,2.0,1.0,100.0,1.0,20.0,17.0,0.0,79.0,26.0,4.0,43.7,38.8,1.0,100.0,6.9,100.0,92.1,1.0,99.0,0.0,1.0,1.0,0.0,1.0,0.0,0.0,57.0,38.2,99.0,99,99,0.0,0.0,0.0,77.0296630859375,77.0296630859375,77.0296630859375,590.946,590.946,590.946,99,0.0,77.0296630859375,590.946,5
11781883.938184664,107.7276382446289,41059692.31030817,31024.073470266743,36401600.82175019,4139517.4710858716,36.74375,0.0,100.0,31.3,100.0,93.1,100.0,27.0,99.0,42.3,43.7,52.0,84.0,95.0,38.6,73.0,21.0,56.1,43.1,99.0,99.0,17.0,0.0,49.5,24.0,0.0,0.0,30.6,3.0,20.0,2.0,1.0,18.0,6.0,1.0,100.0,100.0,0.0,0.0,0.0,0.0,100.0,0.0,66.0,2.0,0.0,34.0,43.0,5.9,45.3,39.6,2.0,99.0,42.0,100.0,1.0,0.0,2.0,95.0,2.0,2.0,7.0,0.0,0.0,0.0,57.1,37.4,99.0,99,99,0.0,0.0,0.0,77.0296630859375,77.0296630859375,77.0296630859375,597.272,597.272,597.272,99,0.0,77.0296630859375,597.272,5
11781884.936723592,107.69489669799805,41252140.342804596,31144.504359959592,36540556.379902184,4159421.213428471,36.709375,0.0,100.0,22.8,44.9,9.1,93.9,100.0,61.2,42.7,44.6,85.0,96.0,43.4,57.4,100.0,7.0,65.0,52.9,85.9,92.0,9.1,0.0,16.2,63.0,0.0,1.0,1.0,0.0,34.7,1.0,1.0,22.2,1.0,1.0,100.0,100.0,0.0,0.0,3.0,5.0,100.0,47.5,9.1,13.1,1.0,15.0,31.0,86.7,46.7,41.4,13.3,98.0,39.0,100.0,11.1,6.0,15.0,100.0,0.0,2.0,1.0,3.0,2.0,1.0,65.7,37.8,99.0,99,99,0.0,0.0,0.0,77.0296630859375,77.0296630859375,77.0296630859375,591.655,591.655,591.655,99,0.0,77.0296630859375,591.655,5
11781885.933293993,107.7951545715332,41366654.03972575,31213.048242357254,36612735.00324677,4167637.3252460957,36.178125,0.0,100.0,4.1,52.0,58.6,86.1,68.3,81.0,43.7,43.1,30.0,22.0,25.3,100.0,100.0,5.1,58.0,43.0,100.0,80.8,1.0,0.0,57.6,33.0,0.0,0.0,29.3,3.0,2.0,2.0,2.0,25.5,0.0,2.0,100.0,80.0,0.0,0.0,22.0,52.5,100.0,45.0,5.9,11.0,5.0,84.0,28.3,15.2,44.1,39.6,64.0,77.2,11.1,100.0,1.0,1.0,66.7,100.0,3.0,0.0,3.0,0.0,1.0,0.0,57.7,38.6,100.0,100,100,0.0,0.0,0.0,77.0296630859375,77.0296630859375,77.0296630859375,649.698,649.698,649.698,100,0.0,77.0296630859375,649.698,5
11781886.931622742,107.8644905090332,41329501.967755556,31158.072957771026,36548249.29487714,4160296.8999781567,36.2,0.0,100.0,5.0,50.0,34.0,79.6,3.0,79.8,42.2,43.1,0.0,47.5,50.5,100.0,80.6,1.0,58.8,46.5,100.0,100.0,0.0,0.0,60.6,26.0,0.0,1.0,19.2,1.0,3.0,1.0,17.2,24.2,1.0,3.0,100.0,35.0,0.0,1.0,48.0,100.0,100.0,0.0,8.1,38.0,5.0,100.0,0.0,0.0,43.8,40.6,100.0,100.0,34.0,77.8,0.0,14.1,100.0,85.9,1.0,2.0,1.0,2.0,0.0,0.0,61.9,38.8,100.0,100,100,0.0,0.0,0.0,77.0296630859375,77.0296630859375,77.0296630859375,682.689,682.689,682.689,100,0.0,77.0296630859375,682.689,5
11781887.931580547,107.78339004516602,41295084.42546315,31110.312684106142,36488707.62279443,4153519.2556705824,36.090625,0.0,100.0,4.1,65.7,12.2,100.0,70.7,7.0,43.7,42.6,3.0,81.8,23.2,79.6,55.0,3.0,59.4,46.1,100.0,100.0,61.0,0.0,18.0,11.2,0.0,2.0,2.0,2.0,0.0,1.0,20.2,36.4,2.0,1.0,100.0,45.9,0.0,0.0,100.0,100.0,100.0,2.0,5.1,41.8,1.0,100.0,0.0,0.0,44.7,40.2,100.0,100.0,32.7,9.0,89.2,31.3,100.0,14.0,0.0,0.0,2.0,0.0,0.0,0.0,60.0,37.0,100.0,100,100,0.0,0.0,0.0,77.0296630859375,77.0296630859375,77.0296630859375,687.579,687.579,687.579,100,0.0,77.0296630859375,687.579,5
11781888.932504844,107.90296936035156,41288079.565253474,31081.271683862175,36453474.17495088,4149508.6229681405,36.2890625,0.0,100.0,51.0,20.0,54.5,77.2,93.1,74.3,41.2,43.6,57.0,100.0,6.9,32.0,1.0,81.0,56.6,44.1,100.0,100.0,70.0,0.0,19.0,1.0,2.0,0.0,17.0,2.0,14.1,4.0,22.0,21.0,3.0,1.0,100.0,44.1,1.0,0.0,43.0,100.0,99.0,8.9,4.0,40.8,3.0,100.0,0.0,0.0,44.8,40.4,100.0,100.0,9.1,0.0,100.0,28.0,45.0,3.0,3.0,0.0,1.0,0.0,0.0,0.0,58.2,36.6,100.0,100,100,0.0,0.0,0.0,77.0296630859375,77.0296630859375,77.0296630859375,689.385,689.385,689.385,100,0.0,77.0296630859375,689.385,5
11781889.93166798,107.86250686645508,41393782.97150359,31136.056648454574,36517728.376395985,4156822.6957415272,36.540625,0.0,100.0,15.2,38.0,100.0,81.8,87.8,68.7,44.8,44.1,54.5,14.3,75.8,0.0,44.9,47.0,62.2,47.5,100.0,77.8,27.8,0.0,16.3,43.4,0.0,0.0,1.0,2.0,20.8,14.3,2.0,2.1,1.0,3.0,78.8,52.0,14.0,26.0,16.2,100.0,41.2,93.9,4.0,0.0,13.0,100.0,30.0,0.0,45.2,39.6,100.0,100.0,23.0,39.0,100.0,32.3,47.5,2.0,1.0,1.0,0.0,0.0,0.0,0.0,62.0,38.8,100.0,100,100,0.0,0.0,0.0,77.0296630859375,77.0296630859375,77.0296630859375,689.871,689.871,689.871,100,0.0,77.0296630859375,689.871,5
11781890.931973867,107.87923812866211,41382142.72760879,31101.486449920052,36476010.451221645,4152073.9332665857,36.2546875,0.0,100.0,8.1,36.0,81.0,49.5,75.8,100.0,44.2,43.7,100.0,2.0,69.7,70.3,100.0,0.0,58.8,44.6,98.0,88.0,71.1,1.0,18.8,2.0,2.0,0.0,0.0,2.0,1.0,2.0,1.0,3.0,2.0,2.0,59.0,1.0,0.0,56.1,1.0,100.0,29.7,80.8,9.0,0.0,0.0,100.0,42.0,0.0,44.8,40.2,99.0,100.0,44.4,100.0,100.0,1.0,1.0,36.0,1.0,0.0,0.0,0.0,0.0,0.0,60.0,36.7,100.0,100,100,0.0,0.0,0.0,77.0296630859375,77.0296630859375,77.0296630859375,697.298,697.298,697.298,100,0.0,77.0296630859375,697.298,5
11781891.937896054,107.94658279418945,41183802.813437074,30927.839546993953,36272356.318607956,4128891.9293969995,35.95625,0.0,100.0,76.2,19.2,95.0,48.0,63.4,100.0,41.3,40.2,57.8,62.7,79.2,83.2,64.4,11.8,53.5,38.8,30.4,100.0,7.9,0.0,17.6,65.0,2.0,0.0,2.0,1.0,0.0,0.0,3.0,2.0,1.0,1.0,100.0,100.0,0.0,55.1,42.0,100.0,6.1,1.0,4.0,22.8,0.0,12.9,20.8,87.3,42.9,38.1,1.0,100.0,97.1,100.0,100.0,6.0,0.0,0.0,1.0,1.0,2.9,0.0,0.0,0.0,55.6,36.0,99.0,99,99,0.0,0.0,0.0,77.0296630859375,77.0296630859375,77.0296630859375,593.905,593.905,593.905,99,0.0,77.0296630859375,593.905,5
11781892.936726851,107.89802551269531,41511895.826879345,31148.418820034607,36529878.83842133,4162306.5807137014,36.1625,0.0,100.0,14.0,20.6,100.0,100.0,29.7,95.0,43.4,41.7,69.7,23.2,57.0,44.0,7.0,100.0,60.4,44.7,100.0,100.0,1.0,0.0,17.8,71.0,0.0,0.0,2.0,2.0,0.0,2.9,2.0,1.0,0.0,3.0,100.0,100.0,0.0,7.8,62.0,100.0,1.0,1.0,9.9,14.0,0.0,0.0,29.0,99.0,44.8,38.8,34.0,100.0,100.0,100.0,100.0,0.0,1.0,1.0,1.0,1.0,20.8,0.0,0.0,0.0,58.8,36.4,99.0,99,99,0.0,0.0,0.0,77.0296630859375,77.0296630859375,77.0296630859375,615.441,615.441,615.441,99,0.0,77.0296630859375,615.441,5
11781893.933696363,107.9813003540039,41622396.183300436,31206.571147733386,36598078.046133354,4170077.370546178,36.3171875,0.0,100.0,37.4,67.7,100.0,100.0,16.2,71.4,41.7,42.2,30.3,38.6,90.9,49.5,1.0,36.7,58.6,43.0,79.8,100.0,0.0,0.0,17.3,72.4,0.0,0.0,14.6,3.0,1.0,3.0,0.0,18.0,3.0,2.0,100.0,100.0,0.0,0.0,87.0,100.0,9.1,1.0,0.0,45.0,0.0,11.0,3.0,89.0,44.8,40.8,12.2,100.0,100.0,100.0,87.0,12.2,0.0,2.0,2.0,0.0,7.1,33.0,0.0,0.0,59.2,39.6,99.0,99,99,0.0,0.0,0.0,77.0296630859375,77.0296630859375,77.0296630859375,592.291,592.291,592.291,99,0.0,77.0296630859375,592.291,5
11781894.93221364,107.94824981689453,41590827.68848093,31159.200471950484,36541348.70844138,4163613.486648855,36.4109375,0.0,100.0,24.0,45.5,89.9,97.0,15.8,66.3,42.7,43.6,77.0,1.0,100.0,25.7,80.0,23.0,63.0,51.0,70.0,99.0,0.0,0.0,17.8,71.4,1.0,0.0,23.5,30.3,3.0,1.0,4.0,1.0,1.0,1.0,53.5,27.3,0.0,0.0,100.0,100.0,2.0,45.5,5.1,1.0,9.1,1.0,33.0,100.0,45.7,38.5,57.8,100.0,100.0,100.0,35.7,2.0,19.0,81.0,2.0,2.0,0.0,0.0,0.0,0.0,61.0,38.6,99.0,99,99,0.0,0.0,0.0,77.0296630859375,77.0296630859375,77.0296630859375,591.833,591.833,591.833,99,0.0,77.0296630859375,591.833,5
11781895.93734856,107.97261428833008,41352505.20808691,30955.04831388928,36300766.480587356,4136200.9404800367,36.2375,0.0,100.0,20.0,92.9,45.5,58.0,30.3,69.7,43.3,45.1,97.0,57.4,39.6,16.3,100.0,5.0,59.4,45.1,100.0,75.5,1.0,1.0,18.8,69.7,1.0,1.0,20.0,25.8,13.1,3.0,1.0,1.0,0.0,4.0,100.0,87.9,0.0,0.0,100.0,100.0,1.0,2.0,9.1,34.7,9.9,66.7,0.0,32.0,46.6,41.2,18.4,59.2,100.0,47.4,3.0,1.0,100.0,98.0,1.0,0.0,0.0,0.0,0.0,0.0,60.6,39.0,99.0,99,99,0.0,0.0,0.0,77.0296630859375,77.0296630859375,77.0296630859375,595.31,595.31,595.31,99,0.0,77.0296630859375,595.31,5
11781896.932802271,107.90648651123047,41787750.163869224,31256.09924143837,36653806.77659685,4176427.2427307814,36.4734375,0.0,100.0,3.0,46.0,100.0,4.0,55.6,43.9,41.7,40.2,57.1,61.6,36.0,25.0,35.4,51.0,55.6,41.2,100.0,99.0,22.2,2.0,17.2,51.0,0.0,0.0,3.0,6.9,30.7,24.7,1.0,4.0,5.0,1.0,100.0,100.0,0.0,0.0,100.0,99.0,13.9,41.0,0.0,47.0,1.0,0.0,0.0,100.0,44.2,40.2,100.0,2.0,100.0,1.0,100.0,75.8,99.0,11.9,0.0,1.0,1.0,0.0,0.0,0.0,56.6,34.7,99.0,99,99,0.0,0.0,0.0,77.0296630859375,77.0296630859375,77.0296630859375,594.421,594.421,594.421,99,0.0,77.0296630859375,594.421,5
11781897.933536798,107.93096923828125,41602895.56390793,31093.161243997652,36460386.87366086,4154388.490880756,36.0171875,0.0,100.0,4.0,29.3,79.4,15.3,5.0,90.0,42.3,41.2,43.0,76.0,49.0,26.3,0.0,1.0,56.6,42.0,100.0,80.2,1.0,0.0,17.2,71.0,0.0,0.0,4.0,0.0,46.0,2.0,2.0,5.0,7.2,2.0,100.0,100.0,0.0,0.0,100.0,100.0,22.2,100.0,9.9,43.4,0.0,97.0,0.0,3.0,44.3,41.2,100.0,0.0,100.0,3.0,100.0,100.0,100.0,5.1,0.0,0.0,0.0,0.0,0.0,0.0,60.0,38.0,99.0,99,99,0.0,0.0,0.0,77.0296630859375,77.0296630859375,77.0296630859375,592.973,592.973,592.973,99,0.0,77.0296630859375,592.973,5
11781898.933033103,108.0572395324707,41687379.709657446,31133.681868637417,36505555.65266172,4167731.2638927894,37.234375,0.0,100.0,33.7,73.0,93.0,47.5,45.5,67.3,42.7,44.0,7.0,48.0,83.0,24.8,0.0,55.6,62.0,48.0,49.5,5.1,17.3,21.8,20.2,31.0,1.0,1.0,5.1,7.0,20.4,7.1,4.1,22.4,38.4,7.1,100.0,98.0,0.0,0.0,100.0,100.0,1.0,100.0,5.0,32.3,12.1,98.0,0.0,2.0,47.6,43.4,100.0,4.0,100.0,1.0,100.0,100.0,36.4,59.2,1.0,2.0,1.0,0.0,1.0,0.0,64.4,40.0,99.0,99,99,0.0,0.0,0.0,77.0296630859375,77.0296630859375,77.0296630859375,597.977,597.977,597.977,99,0.0,77.0296630859375,597.977,5
11781899.932286432,108.01402282714844,41730464.932588376,31141.252273413975,36514432.27168962,4168744.681220066,36.0890625,0.0,100.0,25.5,21.6,93.0,68.0,87.1,91.0,42.3,41.7,38.6,54.9,64.0,90.0,2.0,1.0,55.0,42.3,80.0,39.6,0.0,73.7,1.0,16.2,0.0,0.0,9.0,5.0,5.0,42.2,3.0,2.0,11.8,2.0,80.2,5.0,0.0,0.0,100.0,100.0,1.0,100.0,15.8,11.9,5.0,27.0,0.0,86.1,45.2,38.5,66.7,59.4,100.0,20.8,99.0,100.0,1.0,44.6,0.0,0.0,0.0,0.0,0.0,0.0,57.0,37.0,100.0,100,100,0.0,0.0,0.0,77.0296630859375,77.0296630859375,77.0296630859375,589.919,589.919,589.919,100,0.0,77.0296630859375,589.919,5
11781900.93254376,107.99398422241211,41724254.174752235,31110.994265318397,36477781.23994052,4164560.3413807256,36.0,0.0,100.0,47.5,7.1,34.7,65.0,100.0,98.0,41.2,41.6,38.8,53.1,33.7,63.6,13.3,0.0,56.6,40.4,100.0,100.0,41.4,30.9,1.0,17.2,1.0,0.0,3.1,1.0,0.0,49.0,11.1,3.0,1.0,2.0,75.8,1.0,1.0,0.0,100.0,100.0,22.2,100.0,90.9,41.4,11.1,0.0,0.0,8.2,43.3,40.6,35.7,94.9,100.0,43.9,100.0,100.0,1.0,1.0,0.0,0.0,0.0,0.0,0.0,0.0,57.1,38.6,99.0,99,99,0.0,0.0,0.0,77.0296630859375,77.0296630859375,77.0296630859375,594.836,594.836,594.836,99,0.0,77.0296630859375,594.836,5
11781901.939464416,108.02128601074219,41480840.365386985,30905.11631548948,36236388.41424228,4137001.2367854062,35.95,0.0,100.0,57.0,47.5,2.9,75.8,79.2,100.0,40.4,42.6,22.0,39.4,17.0,46.5,68.0,1.0,58.3,46.2,100.0,100.0,71.0,0.0,1.0,18.8,0.0,1.0,2.0,2.0,0.0,40.4,15.0,0.0,3.0,2.0,100.0,13.3,0.0,0.0,100.0,100.0,6.0,100.0,78.2,44.0,5.0,0.0,0.0,21.8,44.8,40.6,64.4,0.0,70.7,100.0,100.0,100.0,1.0,11.0,2.0,0.0,0.0,0.0,0.0,0.0,59.4,38.6,99.0,99,99,0.0,0.0,0.0,77.0296630859375,77.0296630859375,77.0296630859375,599.67,599.67,599.67,99,0.0,77.0296630859375,599.67,5
11781902.935154809,107.9478759765625,41981763.93182861,31253.691147074212,36645093.978065155,4183661.9415909587,36.5421875,0.0,100.0,42.4,53.1,81.6,18.0,94.9,89.9,45.2,43.7,42.0,36.0,24.0,92.0,1.0,53.0,61.9,51.0,76.3,100.0,73.7,0.0,0.0,17.3,0.0,0.0,4.1,4.0,2.0,22.0,37.8,4.0,4.0,4.0,99.0,4.0,0.0,0.0,68.4,100.0,3.0,100.0,83.8,13.1,3.0,30.3,0.0,15.2,45.7,41.8,1.0,5.0,47.5,100.0,100.0,87.9,57.6,50.0,0.0,0.0,0.0,0.0,0.0,0.0,63.9,39.6,99.0,99,99,0.0,0.0,0.0,77.0296630859375,77.0296630859375,77.0296630859375,597.609,597.609,597.609,99,0.0,77.0296630859375,597.609,5
11781903.933730876,108.0269546508789,41896181.33892434,31164.37597127633,36539197.35472759,4171572.037467216,37.04375,0.0,100.0,41.4,73.5,70.6,41.0,99.0,100.0,43.3,45.6,60.6,9.9,54.0,95.0,6.9,65.7,64.4,51.5,50.5,100.0,67.3,3.0,0.0,18.6,0.0,0.0,3.0,1.0,3.0,3.0,24.5,25.3,1.0,20.2,24.0,54.5,1.0,0.0,47.0,86.1,37.0,99.0,100.0,33.7,5.0,15.0,0.0,0.0,47.2,39.2,49.5,15.0,14.1,100.0,87.1,55.4,100.0,13.1,1.0,0.0,0.0,0.0,0.0,0.0,65.7,38.4,99.0,99,99,0.0,0.0,0.0,77.0296630859375,77.0296630859375,77.0296630859375,596.096,596.096,596.096,99,0.0,77.0296630859375,596.096,5
11781904.93477102,108.06447219848633,41825943.00085346,31088.663316735398,36449255.529486895,4165395.3894272186,36.2515625,0.0,100.0,5.0,0.0,98.0,96.0,10.0,97.0,41.6,42.2,38.0,66.7,98.0,77.0,82.2,38.6,59.0,46.6,100.0,100.0,1.0,50.5,22.0,17.0,0.0,0.0,2.0,3.0,4.0,2.0,4.0,47.5,1.0,11.9,82.0,100.0,2.0,1.0,5.1,51.5,0.0,99.0,74.0,42.9,6.1,1.0,0.0,25.3,44.1,39.2,17.0,16.0,35.7,100.0,25.0,62.2,100.0,32.0,1.0,1.0,0.0,0.0,0.0,0.0,57.0,38.2,99.0,99,99,0.0,0.0,0.0,77.0296630859375,77.0296630859375,77.0296630859375,607.228,607.228,607.228,99,0.0,77.0296630859375,607.228,5
11781905.93241021,107.50685501098633,42004340.24946708,31251.779500887544,36589933.86693125,4220652.156104727,36.1078125,0.0,100.0,39.8,3.4,5.9,100.0,100.0,95.8,43.4,44.5,67.5,92.4,41.4,65.5,39.3,94.1,59.3,47.5,75.2,62.4,0.0,16.1,59.1,13.7,0.0,0.0,0.0,19.7,0.9,3.4,0.0,14.7,3.4,23.1,14.5,97.4,0.0,0.0,33.9,100.0,3.4,49.2,0.8,35.3,1.7,7.6,0.8,99.1,44.7,40.4,2.5,44.4,66.9,100.0,6.8,100.0,100.0,25.6,0.9,0.9,1.7,0.9,0.0,0.0,62.7,37.3,18.0,18,18,0.0,0.0,0.0,6.4554443359375,6.4554443359375,6.4554443359375,479.566,479.566,479.566,18,0.0,6.4554443359375,479.566,5
11781906.949609403,107.51652145385742,41230988.30766013,31016.54055768922,35902442.98282772,4171706.026268452,37.853125,0.0,100.0,100.0,3.7,92.8,12.2,100.0,36.1,48.8,47.7,85.5,34.5,52.9,51.2,61.0,84.3,62.7,50.0,98.8,75.9,12.0,50.6,27.2,0.0,0.0,0.0,1.2,8.4,1.2,0.0,2.4,50.6,0.0,1.2,100.0,55.4,0.0,0.0,2.4,100.0,74.4,3.6,34.6,22.5,37.3,23.7,54.2,54.2,48.8,42.0,2.4,1.2,33.3,100.0,15.7,100.0,53.7,100.0,2.4,2.4,2.4,1.2,0.0,0.0,61.7,40.2,0.0,0,0,0.0,0.0,0.0,6.4554443359375,6.4554443359375,6.4554443359375,138.014,138.014,138.014,0,0.0,6.4554443359375,138.014,
11781907.951350076,107.54495239257812,41900275.29875962,31531.114622556182,36456477.17420427,4236082.363445,34.8546875,0.0,100.0,23.2,33.7,81.0,100.0,44.4,80.0,44.2,43.6,36.6,32.7,52.0,71.0,69.0,37.6,58.0,46.1,100.0,100.0,17.0,52.5,21.8,0.0,0.0,0.0,1.0,2.0,1.0,0.0,2.0,45.5,14.0,1.0,100.0,18.2,0.0,0.0,3.0,57.6,100.0,46.0,1.0,13.1,2.0,5.0,4.0,36.0,45.7,39.2,24.0,8.2,98.0,100.0,12.0,100.0,2.0,100.0,5.1,1.0,0.0,1.0,0.0,1.0,60.0,36.7,0.0,0,0,0.0,0.0,0.0,6.4554443359375,6.4554443359375,6.4554443359375,130.31,130.31,130.31,0,0.0,6.4554443359375,130.31,
11781908.948464995,107.51193237304688,42130481.847388886,31716.504681044342,36625603.82910481,4255734.137163816,35.109375,0.0,100.0,6.1,38.4,31.6,67.0,25.5,77.0,43.1,43.4,29.2,86.7,20.2,37.0,60.6,29.3,65.0,51.5,100.0,100.0,18.2,22.4,46.9,1.0,0.0,0.0,2.0,3.0,1.0,2.0,0.0,29.3,27.6,4.1,100.0,51.0,0.0,0.0,13.1,77.0,100.0,58.6,4.0,7.1,12.2,1.0,10.0,23.5,47.1,41.8,5.1,62.0,85.7,100.0,17.3,75.5,74.7,100.0,1.0,1.0,2.0,1.0,0.0,0.0,64.6,41.6,0.0,0,0,0.0,0.0,0.0,6.4554443359375,6.4554443359375,6.4554443359375,128.548,128.548,128.548,0,0.0,6.4554443359375,128.548,
11781910.042825777,107.50381088256836,38420368.033981554,29771.717463607092,33371020.422363136,3907508.447840636,37.228125,0.0,100.0,31.4,77.7,70.8,100.0,25.8,94.1,42.3,44.4,48.4,81.0,29.8,22.7,44.6,100.0,60.5,46.3,34.2,100.0,17.5,61.3,9.2,0.8,0.0,0.8,3.3,1.7,0.8,0.8,37.3,10.0,26.4,0.8,100.0,100.0,0.0,0.0,3.4,42.0,75.8,2.5,11.1,24.6,48.3,22.7,50.0,52.9,45.2,40.5,36.7,7.6,89.2,46.2,38.8,88.3,59.5,68.3,2.5,0.8,0.0,0.0,0.8,1.7,61.5,37.0,0.0,0,0,0.0,0.0,0.0,6.4554443359375,6.4554443359375,6.4554443359375,127.835,127.835,127.835,0,0.0,6.4554443359375,127.835,
11781910.951688023,107.52460861206055,46298458.51328258,36126.48686560001,40182036.55468578,4705029.852298335,35.1296875,0.0,100.0,31.7,98.8,7.2,88.0,53.7,34.9,43.0,41.5,100.0,50.0,96.3,18.1,28.0,32.9,58.0,44.6,100.0,100.0,15.9,18.1,54.9,0.0,0.0,0.0,0.0,0.0,1.2,1.2,24.4,1.2,35.4,2.4,79.3,100.0,0.0,0.0,1.2,100.0,0.0,47.0,9.6,26.8,15.7,21.0,21.0,3.7,45.5,39.5,0.0,70.2,100.0,2.4,86.6,100.0,96.4,0.0,0.0,1.2,0.0,0.0,0.0,0.0,59.8,40.0,0.0,0,0,0.0,0.0,0.0,6.4554443359375,6.4554443359375,6.4554443359375,127.564,127.564,127.564,0,0.0,6.4554443359375,127.564,
11781911.952484349,107.50008392333984,42081095.75018504,32809.872661591,36490877.383647606,4276914.184153404,34.621875,0.0,100.0,3.1,36.7,69.1,56.7,81.6,18.6,42.0,41.4,100.0,100.0,86.7,29.6,74.5,14.3,56.0,42.0,100.0,100.0,16.7,3.1,68.0,0.0,0.0,0.0,1.1,3.1,2.0,0.0,42.9,5.1,13.3,2.1,100.0,100.0,1.0,0.0,1.0,100.0,2.0,8.3,1.0,43.9,0.0,2.1,10.2,1.0,44.0,40.0,90.7,2.0,72.7,27.8,100.0,63.9,100.0,1.0,1.0,1.0,0.0,0.0,0.0,0.0,56.1,35.4,0.0,0,0,0.0,0.0,0.0,6.4554443359375,6.4554443359375,6.4554443359375,127.271,127.271,127.271,0,0.0,6.4554443359375,127.271,
11781912.953767763,107.4830207824707,42093506.57648961,32793.91181275896,36473125.855512284,4274833.615860289,34.46875,0.0,100.0,17.8,42.4,12.9,49.0,89.0,60.4,43.8,42.3,37.0,86.0,58.0,58.0,91.0,75.8,57.4,43.7,31.0,100.0,18.6,66.0,1.0,6.0,0.0,0.0,3.0,1.0,2.0,1.0,46.5,8.1,0.0,1.0,100.0,100.0,35.6,0.0,4.0,100.0,44.0,31.7,1.0,8.1,0.0,0.0,4.9,1.0,43.8,39.2,100.0,1.0,0.0,41.0,100.0,100.0,100.0,1.0,2.0,0.0,0.0,1.0,0.0,0.0,59.4,37.6,0.0,0,0,0.0,0.0,0.0,6.4554443359375,6.4554443359375,6.4554443359375,127.11,127.11,127.11,0,0.0,6.4554443359375,127.11,
11781913.95293466,107.3956069946289,42215623.98127565,32863.378593534515,36550386.25227343,4283888.92256906,34.440625,0.0,100.0,3.0,41.2,51.5,61.6,91.1,57.0,42.3,41.6,32.7,53.9,20.0,100.0,1.0,98.0,59.4,45.1,94.1,98.0,17.8,2.0,0.0,72.3,0.0,0.0,1.0,3.0,0.0,10.0,31.0,18.0,1.0,0.0,100.0,100.0,41.0,0.0,3.0,89.0,27.0,35.4,5.1,1.0,0.0,0.0,4.0,0.0,42.9,38.8,100.0,0.0,47.5,9.1,100.0,100.0,100.0,15.0,0.0,0.0,0.0,0.0,1.0,0.0,58.2,38.6,0.0,0,0,0.0,0.0,0.0,6.4554443359375,6.4554443359375,6.4554443359375,127.003,127.003,127.003,0,0.0,6.4554443359375,127.003,
11781914.952164488,107.42386245727539,42245914.624962226,32862.30963416111,36548084.31500281,4283619.123954456,35.1890625,0.0,100.0,47.0,18.2,48.5,51.5,100.0,100.0,44.1,43.6,39.8,71.4,81.8,71.7,17.2,76.8,61.6,47.5,100.0,63.3,17.5,0.0,1.0,70.4,0.0,0.0,0.0,1.0,5.0,3.0,18.0,48.0,10.0,2.0,100.0,100.0,0.0,2.0,4.1,11.2,100.0,80.6,42.9,4.0,3.1,0.0,5.2,0.0,46.7,41.1,100.0,42.4,1.0,2.0,50.0,37.8,100.0,14.3,2.0,0.0,0.0,0.0,1.0,0.0,62.0,38.8,0.0,0,0,0.0,0.0,0.0,6.4554443359375,6.4554443359375,6.4554443359375,126.858,126.858,126.858,0,0.0,6.4554443359375,126.858,
11781915.953704864,107.33008193969727,42181326.90173062,32786.49647185991,36463768.091377094,4273736.838883924,34.753125,0.0,100.0,39.0,14.0,75.0,92.0,46.5,52.0,40.8,41.2,93.0,82.0,45.0,63.0,23.0,6.0,55.4,41.6,100.0,100.0,18.8,28.9,1.0,43.4,0.0,1.0,2.0,1.0,3.0,12.2,0.0,0.0,18.0,1.0,100.0,100.0,0.0,0.0,1.0,1.0,100.0,0.0,52.9,8.1,11.1,17.8,3.0,1.0,43.3,38.8,100.0,100.0,17.0,0.0,37.6,100.0,100.0,43.0,5.9,6.9,0.0,1.0,1.0,0.0,57.0,37.0,0.0,0,0,0.0,0.0,0.0,6.4554443359375,6.4554443359375,6.4554443359375,126.795,126.795,126.795,0,0.0,6.4554443359375,126.795,
11781916.95258956,107.39622497558594,42329196.90088793,32874.66522874996,36560712.28988896,4285099.186062581,35.246875,0.0,100.0,23.2,19.4,68.0,29.7,98.0,100.0,42.7,45.6,51.5,70.7,17.2,29.3,47.5,22.0,64.1,50.5,100.0,57.4,18.8,37.0,0.0,34.7,0.0,1.0,17.6,3.9,2.0,2.0,2.0,2.0,1.0,2.0,100.0,100.0,0.0,0.0,61.6,70.0,71.0,25.7,41.0,11.9,1.0,2.0,2.0,2.0,44.1,40.6,100.0,100.0,39.6,40.0,3.0,100.0,100.0,2.0,8.1,25.0,1.0,1.0,0.0,0.0,64.4,38.0,0.0,0,0,0.0,0.0,0.0,6.4554443359375,6.4554443359375,6.4554443359375,126.677,126.677,126.677,0,0.0,6.4554443359375,126.677,
11781917.952482816,107.4918098449707,42319428.36487585,32842.50575581166,36523834.71731397,4284873.386531002,34.803125,0.0,100.0,5.0,58.4,100.0,56.6,57.4,58.2,44.3,42.6,78.2,51.5,13.1,43.6,27.7,33.7,61.0,49.0,81.4,15.3,17.2,72.0,0.0,2.0,0.0,0.0,27.0,2.0,2.0,3.0,1.0,2.0,29.3,5.0,100.0,100.0,0.0,0.0,8.9,100.0,79.0,100.0,6.1,15.3,28.0,0.0,0.0,0.0,45.7,42.0,99.0,28.0,2.0,25.3,77.8,100.0,100.0,28.7,1.0,1.0,0.0,1.0,0.0,0.0,62.7,36.4,0.0,0,0,0.0,0.0,0.0,6.4554443359375,6.4554443359375,6.4554443359375,126.642,126.642,126.642,0,0.0,6.4554443359375,126.642,
11781918.952682473,107.5361328125,42342123.10154171,32833.444575138376,36512645.997064576,4283560.757394521,34.634375,0.0,100.0,38.0,3.1,75.8,31.3,34.0,31.3,42.2,43.6,44.4,1.0,83.8,24.5,32.3,12.1,60.6,44.6,100.0,4.0,17.2,56.6,15.3,0.0,1.0,0.0,2.0,4.0,3.1,34.3,2.0,2.1,14.9,0.0,99.0,100.0,0.0,0.0,17.3,100.0,100.0,100.0,0.0,7.1,42.0,0.0,0.0,0.0,46.1,40.2,36.4,76.8,46.5,100.0,100.0,100.0,100.0,33.3,8.2,0.0,0.0,2.0,0.0,1.0,61.0,40.6,0.0,0,0,0.0,0.0,0.0,6.4554443359375,6.4554443359375,6.4554443359375,126.635,126.635,126.635,0,0.0,6.4554443359375,126.635,
11781919.953619167,106.06488037109375,42343856.744682506,32811.26586958476,36485759.99135922,4280406.566953987,34.9390625,0.0,100.0,21.0,2.0,90.9,45.5,54.9,82.2,43.3,43.3,9.9,6.0,100.0,1.0,11.0,7.9,55.9,42.6,99.0,2.0,19.6,7.1,63.6,0.0,0.0,0.0,1.0,45.5,15.2,3.0,18.6,1.0,10.2,2.0,87.9,100.0,0.0,0.0,12.9,100.0,100.0,100.0,1.0,6.9,38.6,3.0,0.0,0.0,43.8,40.4,0.0,100.0,0.0,100.0,100.0,100.0,100.0,99.0,0.0,2.0,0.0,0.0,0.0,0.0,58.4,37.0,0.0,0,0,0.0,0.0,0.0,6.4554443359375,6.4554443359375,6.4554443359375,126.541,126.541,126.541,0,0.0,6.4554443359375,126.541,
11781920.953258544,106.17292785644531,42431747.86429715,32853.84785324181,36533110.68004775,4285961.616344768,34.665625,0.0,100.0,4.0,37.4,73.0,54.1,52.5,72.4,41.9,44.1,1.0,60.0,100.0,2.0,28.6,1.0,61.0,45.5,83.0,36.4,16.2,51.0,21.0,0.0,0.0,0.0,3.0,23.2,7.1,30.0,1.0,4.0,9.0,2.0,38.0,100.0,0.0,1.0,53.5,100.0,100.0,100.0,1.0,4.1,0.0,42.0,1.0,0.0,43.7,41.0,11.1,18.6,39.0,100.0,60.0,100.0,100.0,100.0,0.0,2.0,0.0,0.0,0.0,0.0,60.2,37.0,0.0,0,0,0.0,0.0,0.0,6.4554443359375,6.4554443359375,6.4554443359375,126.454,126.454,126.454,0,0.0,6.4554443359375,126.454,
