case,target,mode,strategy,degraded,run_index,position,status,duration_s,wall_s,harness_wall_s,faults_when_warned,metrics,fingerprints,warnings,error
array_reduce,matmul,full,full,False,0,0,ok,0.103731,3.0546,3.0786,,"{""cpu_util_avg"": {""mean"": 95.30362550000001, ""max"": 95.560237}, ""cpu_util_min"": {""mean"": 95.30362550000001, ""max"": 95.560237}, ""cpu_util_max"": {""mean"": 95.30362550000001, ""max"": 95.560237}, ""cpu_util_0"": {""mean"": 95.30362550000001, ""max"": 95.560237}, ""cpu_util_1"": {""mean"": 95.30362550000001, ""max"": 95.560237}, ""cpu_util_2"": {""mean"": 95.30362550000001, ""max"": 95.560237}, ""cpu_util_3"": {""mean"": 95.30362550000001, ""max"": 95.560237}, ""cpu_util_4"": {""mean"": 95.30362550000001, ""max"": 95.560237}, ""cpu_util_5"": {""mean"": 95.30362550000001, ""max"": 95.560237}, ""cpu_util_6"": {""mean"": 95.30362550000001, ""max"": 95.560237}, ""cpu_util_7"": {""mean"": 95.30362550000001, ""max"": 95.560237}, ""cpu_util_8"": {""mean"": 95.30362550000001, ""max"": 95.560237}, ""cpu_util_9"": {""mean"": 95.30362550000001, ""max"": 95.560237}, ""cpu_util_10"": {""mean"": 95.30362550000001, ""max"": 95.560237}, ""cpu_util_11"": {""mean"": 95.30362550000001, ""max"": 95.560237}, ""memory"": {""mean"": 0.316582, ""max"": 0.316582}, ""io_read_count"": {""mean"": 12074.1988945, ""max"": 12271.625525}, ""io_write_count"": {""mean"": 20.7993765, ""max"": 21.121559}, ""io_read"": {""mean"": 0.0, ""max"": 0.0}, ""io_write"": {""mean"": 0.0, ""max"": 0.0}, ""gpu_util_avg"": {""mean"": 0.0, ""max"": 0.0}, ""gpu_util_min"": {""mean"": 0.0, ""max"": 0.0}, ""gpu_util_max"": {""mean"": 0.0, ""max"": 0.0}, ""gpu_util_0"": {""mean"": 0.0, ""max"": 0.0}, ""gpu_band_avg"": {""mean"": 0.0, ""max"": 0.0}, ""gpu_band_min"": {""mean"": 0.0, ""max"": 0.0}, ""gpu_band_max"": {""mean"": 0.0, ""max"": 0.0}, ""gpu_band_0"": {""mean"": 0.0, ""max"": 0.0}, ""gpu_mem_avg"": {""mean"": 0.0, ""max"": 0.0}, ""gpu_mem_min"": {""mean"": 0.0, ""max"": 0.0}, ""gpu_mem_max"": {""mean"": 0.0, ""max"": 0.0}, ""gpu_mem_0"": {""mean"": 0.0, ""max"": 0.0}}","{""product"": {""kind"": ""array"", ""shape"": [2000, 2000], ""dtype"": ""float64"", ""mean"": 500.01872635521926, ""std"": 9.845639787888365, ""min"": 452.8252003037207, ""max"": 552.6527329950178}}",,
array_reduce,matmul,fork,fork,False,0,1,ok,0.08386,0.3283,0.3473,16995.0,"{""cpu_util_avg"": {""mean"": 91.189601, ""max"": 91.189601}, ""cpu_util_min"": {""mean"": 91.189601, ""max"": 91.189601}, ""cpu_util_max"": {""mean"": 91.189601, ""max"": 91.189601}, ""cpu_util_0"": {""mean"": 91.189601, ""max"": 91.189601}, ""cpu_util_1"": {""mean"": 91.189601, ""max"": 91.189601}, ""cpu_util_2"": {""mean"": 91.189601, ""max"": 91.189601}, ""cpu_util_3"": {""mean"": 91.189601, ""max"": 91.189601}, ""cpu_util_4"": {""mean"": 91.189601, ""max"": 91.189601}, ""cpu_util_5"": {""mean"": 91.189601, ""max"": 91.189601}, ""cpu_util_6"": {""mean"": 91.189601, ""max"": 91.189601}, ""cpu_util_7"": {""mean"": 91.189601, ""max"": 91.189601}, ""cpu_util_8"": {""mean"": 91.189601, ""max"": 91.189601}, ""cpu_util_9"": {""mean"": 91.189601, ""max"": 91.189601}, ""cpu_util_10"": {""mean"": 91.189601, ""max"": 91.189601}, ""cpu_util_11"": {""mean"": 91.189601, ""max"": 91.189601}, ""memory"": {""mean"": 0.649014, ""max"": 0.649014}, ""io_read_count"": {""mean"": 12017.131417, ""max"": 12017.131417}, ""io_write_count"": {""mean"": 19.895913, ""max"": 19.895913}, ""io_read"": {""mean"": 0.0, ""max"": 0.0}, ""io_write"": {""mean"": 0.0, ""max"": 0.0}, ""gpu_util_avg"": {""mean"": 0.0, ""max"": 0.0}, ""gpu_util_min"": {""mean"": 0.0, ""max"": 0.0}, ""gpu_util_max"": {""mean"": 0.0, ""max"": 0.0}, ""gpu_util_0"": {""mean"": 0.0, ""max"": 0.0}, ""gpu_band_avg"": {""mean"": 0.0, ""max"": 0.0}, ""gpu_band_min"": {""mean"": 0.0, ""max"": 0.0}, ""gpu_band_max"": {""mean"": 0.0, ""max"": 0.0}, ""gpu_band_0"": {""mean"": 0.0, ""max"": 0.0}, ""gpu_mem_avg"": {""mean"": 0.0, ""max"": 0.0}, ""gpu_mem_min"": {""mean"": 0.0, ""max"": 0.0}, ""gpu_mem_max"": {""mean"": 0.0, ""max"": 0.0}, ""gpu_mem_0"": {""mean"": 0.0, ""max"": 0.0}}","{""product"": {""kind"": ""array"", ""shape"": [2000, 2000], ""dtype"": ""float64"", ""mean"": 500.01872635521926, ""std"": 9.845639787888365, ""min"": 452.8252003037207, ""max"": 552.6527329950178}}","[JUmPER]: a benchmark measurement spent at least 8ms of its 84ms on 16995 page faults - the cost of touching memory inherited from the prefix rather than of the cell itself. Cells working over large Python objects are affected most, and the timing understates them. Re-run with --replay-mode full for a number that does not carry this.",
array_reduce,matmul,fork,fork,False,1,0,ok,0.09628,0.2877,0.3054,16585.0,"{""cpu_util_avg"": {""mean"": 71.969028, ""max"": 97.761468}, ""cpu_util_min"": {""mean"": 71.969028, ""max"": 97.761468}, ""cpu_util_max"": {""mean"": 71.969028, ""max"": 97.761468}, ""cpu_util_0"": {""mean"": 71.969028, ""max"": 97.761468}, ""cpu_util_1"": {""mean"": 71.969028, ""max"": 97.761468}, ""cpu_util_2"": {""mean"": 71.969028, ""max"": 97.761468}, ""cpu_util_3"": {""mean"": 71.969028, ""max"": 97.761468}, ""cpu_util_4"": {""mean"": 71.969028, ""max"": 97.761468}, ""cpu_util_5"": {""mean"": 71.969028, ""max"": 97.761468}, ""cpu_util_6"": {""mean"": 71.969028, ""max"": 97.761468}, ""cpu_util_7"": {""mean"": 71.969028, ""max"": 97.761468}, ""cpu_util_8"": {""mean"": 71.969028, ""max"": 97.761468}, ""cpu_util_9"": {""mean"": 71.969028, ""max"": 97.761468}, ""cpu_util_10"": {""mean"": 71.969028, ""max"": 97.761468}, ""cpu_util_11"": {""mean"": 71.969028, ""max"": 97.761468}, ""memory"": {""mean"": 0.6494409999999999, ""max"": 0.649624}, ""io_read_count"": {""mean"": 11578.4740075, ""max"": 11615.985519}, ""io_write_count"": {""mean"": 19.169659, ""max"": 19.231764}, ""io_read"": {""mean"": 0.0, ""max"": 0.0}, ""io_write"": {""mean"": 0.0, ""max"": 0.0}, ""gpu_util_avg"": {""mean"": 0.0, ""max"": 0.0}, ""gpu_util_min"": {""mean"": 0.0, ""max"": 0.0}, ""gpu_util_max"": {""mean"": 0.0, ""max"": 0.0}, ""gpu_util_0"": {""mean"": 0.0, ""max"": 0.0}, ""gpu_band_avg"": {""mean"": 0.0, ""max"": 0.0}, ""gpu_band_min"": {""mean"": 0.0, ""max"": 0.0}, ""gpu_band_max"": {""mean"": 0.0, ""max"": 0.0}, ""gpu_band_0"": {""mean"": 0.0, ""max"": 0.0}, ""gpu_mem_avg"": {""mean"": 0.0, ""max"": 0.0}, ""gpu_mem_min"": {""mean"": 0.0, ""max"": 0.0}, ""gpu_mem_max"": {""mean"": 0.0, ""max"": 0.0}, ""gpu_mem_0"": {""mean"": 0.0, ""max"": 0.0}}","{""product"": {""kind"": ""array"", ""shape"": [2000, 2000], ""dtype"": ""float64"", ""mean"": 500.01872635521926, ""std"": 9.845639787888365, ""min"": 452.8252003037207, ""max"": 552.6527329950178}}","[JUmPER]: a benchmark measurement spent at least 8ms of its 96ms on 16585 page faults - the cost of touching memory inherited from the prefix rather than of the cell itself. Cells working over large Python objects are affected most, and the timing understates them. Re-run with --replay-mode full for a number that does not carry this.",
array_reduce,matmul,full,full,False,1,1,ok,0.123593,3.2074,3.2261,,"{""cpu_util_avg"": {""mean"": 101.8221235, ""max"": 102.680299}, ""cpu_util_min"": {""mean"": 101.8221235, ""max"": 102.680299}, ""cpu_util_max"": {""mean"": 101.8221235, ""max"": 102.680299}, ""cpu_util_0"": {""mean"": 101.8221235, ""max"": 102.680299}, ""cpu_util_1"": {""mean"": 101.8221235, ""max"": 102.680299}, ""cpu_util_2"": {""mean"": 101.8221235, ""max"": 102.680299}, ""cpu_util_3"": {""mean"": 101.8221235, ""max"": 102.680299}, ""cpu_util_4"": {""mean"": 101.8221235, ""max"": 102.680299}, ""cpu_util_5"": {""mean"": 101.8221235, ""max"": 102.680299}, ""cpu_util_6"": {""mean"": 101.8221235, ""max"": 102.680299}, ""cpu_util_7"": {""mean"": 101.8221235, ""max"": 102.680299}, ""cpu_util_8"": {""mean"": 101.8221235, ""max"": 102.680299}, ""cpu_util_9"": {""mean"": 101.8221235, ""max"": 102.680299}, ""cpu_util_10"": {""mean"": 101.8221235, ""max"": 102.680299}, ""cpu_util_11"": {""mean"": 101.8221235, ""max"": 102.680299}, ""memory"": {""mean"": 0.316345, ""max"": 0.316345}, ""io_read_count"": {""mean"": 11564.3771765, ""max"": 11570.78621}, ""io_write_count"": {""mean"": 19.241892, ""max"": 19.252556}, ""io_read"": {""mean"": 0.0, ""max"": 0.0}, ""io_write"": {""mean"": 0.0, ""max"": 0.0}, ""gpu_util_avg"": {""mean"": 0.0, ""max"": 0.0}, ""gpu_util_min"": {""mean"": 0.0, ""max"": 0.0}, ""gpu_util_max"": {""mean"": 0.0, ""max"": 0.0}, ""gpu_util_0"": {""mean"": 0.0, ""max"": 0.0}, ""gpu_band_avg"": {""mean"": 0.0, ""max"": 0.0}, ""gpu_band_min"": {""mean"": 0.0, ""max"": 0.0}, ""gpu_band_max"": {""mean"": 0.0, ""max"": 0.0}, ""gpu_band_0"": {""mean"": 0.0, ""max"": 0.0}, ""gpu_mem_avg"": {""mean"": 0.0, ""max"": 0.0}, ""gpu_mem_min"": {""mean"": 0.0, ""max"": 0.0}, ""gpu_mem_max"": {""mean"": 0.0, ""max"": 0.0}, ""gpu_mem_0"": {""mean"": 0.0, ""max"": 0.0}}","{""product"": {""kind"": ""array"", ""shape"": [2000, 2000], ""dtype"": ""float64"", ""mean"": 500.01872635521926, ""std"": 9.845639787888365, ""min"": 452.8252003037207, ""max"": 552.6527329950178}}",,
array_reduce,matmul,full,full,False,2,0,ok,0.173071,3.7556,3.7759,,"{""cpu_util_avg"": {""mean"": 85.540781, ""max"": 92.807295}, ""cpu_util_min"": {""mean"": 85.540781, ""max"": 92.807295}, ""cpu_util_max"": {""mean"": 85.540781, ""max"": 92.807295}, ""cpu_util_0"": {""mean"": 85.540781, ""max"": 92.807295}, ""cpu_util_1"": {""mean"": 85.540781, ""max"": 92.807295}, ""cpu_util_2"": {""mean"": 85.540781, ""max"": 92.807295}, ""cpu_util_3"": {""mean"": 85.540781, ""max"": 92.807295}, ""cpu_util_4"": {""mean"": 85.540781, ""max"": 92.807295}, ""cpu_util_5"": {""mean"": 85.540781, ""max"": 92.807295}, ""cpu_util_6"": {""mean"": 85.540781, ""max"": 92.807295}, ""cpu_util_7"": {""mean"": 85.540781, ""max"": 92.807295}, ""cpu_util_8"": {""mean"": 85.540781, ""max"": 92.807295}, ""cpu_util_9"": {""mean"": 85.540781, ""max"": 92.807295}, ""cpu_util_10"": {""mean"": 85.540781, ""max"": 92.807295}, ""cpu_util_11"": {""mean"": 85.540781, ""max"": 92.807295}, ""memory"": {""mean"": 0.316422, ""max"": 0.316422}, ""io_read_count"": {""mean"": 11437.546333333332, ""max"": 13046.054071}, ""io_write_count"": {""mean"": 19.926039, ""max"": 22.728317}, ""io_read"": {""mean"": 0.0, ""max"": 0.0}, ""io_write"": {""mean"": 0.0, ""max"": 0.0}, ""gpu_util_avg"": {""mean"": 0.0, ""max"": 0.0}, ""gpu_util_min"": {""mean"": 0.0, ""max"": 0.0}, ""gpu_util_max"": {""mean"": 0.0, ""max"": 0.0}, ""gpu_util_0"": {""mean"": 0.0, ""max"": 0.0}, ""gpu_band_avg"": {""mean"": 0.0, ""max"": 0.0}, ""gpu_band_min"": {""mean"": 0.0, ""max"": 0.0}, ""gpu_band_max"": {""mean"": 0.0, ""max"": 0.0}, ""gpu_band_0"": {""mean"": 0.0, ""max"": 0.0}, ""gpu_mem_avg"": {""mean"": 0.0, ""max"": 0.0}, ""gpu_mem_min"": {""mean"": 0.0, ""max"": 0.0}, ""gpu_mem_max"": {""mean"": 0.0, ""max"": 0.0}, ""gpu_mem_0"": {""mean"": 0.0, ""max"": 0.0}}","{""product"": {""kind"": ""array"", ""shape"": [2000, 2000], ""dtype"": ""float64"", ""mean"": 500.01872635521926, ""std"": 9.845639787888365, ""min"": 452.8252003037207, ""max"": 552.6527329950178}}",,
array_reduce,matmul,fork,fork,False,2,1,ok,0.16364,0.3937,0.4176,,"{""cpu_util_avg"": {""mean"": 73.86522325, ""max"": 95.596754}, ""cpu_util_min"": {""mean"": 73.86522325, ""max"": 95.596754}, ""cpu_util_max"": {""mean"": 73.86522325, ""max"": 95.596754}, ""cpu_util_0"": {""mean"": 73.86522325, ""max"": 95.596754}, ""cpu_util_1"": {""mean"": 73.86522325, ""max"": 95.596754}, ""cpu_util_2"": {""mean"": 73.86522325, ""max"": 95.596754}, ""cpu_util_3"": {""mean"": 73.86522325, ""max"": 95.596754}, ""cpu_util_4"": {""mean"": 73.86522325, ""max"": 95.596754}, ""cpu_util_5"": {""mean"": 73.86522325, ""max"": 95.596754}, ""cpu_util_6"": {""mean"": 73.86522325, ""max"": 95.596754}, ""cpu_util_7"": {""mean"": 73.86522325, ""max"": 95.596754}, ""cpu_util_8"": {""mean"": 73.86522325, ""max"": 95.596754}, ""cpu_util_9"": {""mean"": 73.86522325, ""max"": 95.596754}, ""cpu_util_10"": {""mean"": 73.86522325, ""max"": 95.596754}, ""cpu_util_11"": {""mean"": 73.86522325, ""max"": 95.596754}, ""memory"": {""mean"": 0.64934925, ""max"": 0.649868}, ""io_read_count"": {""mean"": 12130.87977425, ""max"": 12831.208764}, ""io_write_count"": {""mean"": 25.106475500000002, ""max"": 41.532449}, ""io_read"": {""mean"": 0.0, ""max"": 0.0}, ""io_write"": {""mean"": 21264.61363225, ""max"": 85058.454529}, ""gpu_util_avg"": {""mean"": 0.0, ""max"": 0.0}, ""gpu_util_min"": {""mean"": 0.0, ""max"": 0.0}, ""gpu_util_max"": {""mean"": 0.0, ""max"": 0.0}, ""gpu_util_0"": {""mean"": 0.0, ""max"": 0.0}, ""gpu_band_avg"": {""mean"": 0.0, ""max"": 0.0}, ""gpu_band_min"": {""mean"": 0.0, ""max"": 0.0}, ""gpu_band_max"": {""mean"": 0.0, ""max"": 0.0}, ""gpu_band_0"": {""mean"": 0.0, ""max"": 0.0}, ""gpu_mem_avg"": {""mean"": 0.0, ""max"": 0.0}, ""gpu_mem_min"": {""mean"": 0.0, ""max"": 0.0}, ""gpu_mem_max"": {""mean"": 0.0, ""max"": 0.0}, ""gpu_mem_0"": {""mean"": 0.0, ""max"": 0.0}}","{""product"": {""kind"": ""array"", ""shape"": [2000, 2000], ""dtype"": ""float64"", ""mean"": 500.01872635521926, ""std"": 9.845639787888365, ""min"": 452.8252003037207, ""max"": 552.6527329950178}}",,
array_reduce,matmul,fork,fork,False,3,0,ok,0.186315,0.4265,0.447,,"{""cpu_util_avg"": {""mean"": 80.2932865, ""max"": 92.514961}, ""cpu_util_min"": {""mean"": 80.2932865, ""max"": 92.514961}, ""cpu_util_max"": {""mean"": 80.2932865, ""max"": 92.514961}, ""cpu_util_0"": {""mean"": 80.2932865, ""max"": 92.514961}, ""cpu_util_1"": {""mean"": 80.2932865, ""max"": 92.514961}, ""cpu_util_2"": {""mean"": 80.2932865, ""max"": 92.514961}, ""cpu_util_3"": {""mean"": 80.2932865, ""max"": 92.514961}, ""cpu_util_4"": {""mean"": 80.2932865, ""max"": 92.514961}, ""cpu_util_5"": {""mean"": 80.2932865, ""max"": 92.514961}, ""cpu_util_6"": {""mean"": 80.2932865, ""max"": 92.514961}, ""cpu_util_7"": {""mean"": 80.2932865, ""max"": 92.514961}, ""cpu_util_8"": {""mean"": 80.2932865, ""max"": 92.514961}, ""cpu_util_9"": {""mean"": 80.2932865, ""max"": 92.514961}, ""cpu_util_10"": {""mean"": 80.2932865, ""max"": 92.514961}, ""cpu_util_11"": {""mean"": 80.2932865, ""max"": 92.514961}, ""memory"": {""mean"": 0.64999, ""max"": 0.64999}, ""io_read_count"": {""mean"": 12251.3740765, ""max"": 12961.382227}, ""io_write_count"": {""mean"": 20.01755825, ""max"": 20.946784}, ""io_read"": {""mean"": 0.0, ""max"": 0.0}, ""io_write"": {""mean"": 0.0, ""max"": 0.0}, ""gpu_util_avg"": {""mean"": 0.0, ""max"": 0.0}, ""gpu_util_min"": {""mean"": 0.0, ""max"": 0.0}, ""gpu_util_max"": {""mean"": 0.0, ""max"": 0.0}, ""gpu_util_0"": {""mean"": 0.0, ""max"": 0.0}, ""gpu_band_avg"": {""mean"": 0.0, ""max"": 0.0}, ""gpu_band_min"": {""mean"": 0.0, ""max"": 0.0}, ""gpu_band_max"": {""mean"": 0.0, ""max"": 0.0}, ""gpu_band_0"": {""mean"": 0.0, ""max"": 0.0}, ""gpu_mem_avg"": {""mean"": 0.0, ""max"": 0.0}, ""gpu_mem_min"": {""mean"": 0.0, ""max"": 0.0}, ""gpu_mem_max"": {""mean"": 0.0, ""max"": 0.0}, ""gpu_mem_0"": {""mean"": 0.0, ""max"": 0.0}}","{""product"": {""kind"": ""array"", ""shape"": [2000, 2000], ""dtype"": ""float64"", ""mean"": 500.01872635521926, ""std"": 9.845639787888365, ""min"": 452.8252003037207, ""max"": 552.6527329950178}}",,
array_reduce,matmul,full,full,False,3,1,ok,0.113539,3.5713,3.5943,,"{""cpu_util_avg"": {""mean"": 93.5777125, ""max"": 93.791268}, ""cpu_util_min"": {""mean"": 93.5777125, ""max"": 93.791268}, ""cpu_util_max"": {""mean"": 93.5777125, ""max"": 93.791268}, ""cpu_util_0"": {""mean"": 93.5777125, ""max"": 93.791268}, ""cpu_util_1"": {""mean"": 93.5777125, ""max"": 93.791268}, ""cpu_util_2"": {""mean"": 93.5777125, ""max"": 93.791268}, ""cpu_util_3"": {""mean"": 93.5777125, ""max"": 93.791268}, ""cpu_util_4"": {""mean"": 93.5777125, ""max"": 93.791268}, ""cpu_util_5"": {""mean"": 93.5777125, ""max"": 93.791268}, ""cpu_util_6"": {""mean"": 93.5777125, ""max"": 93.791268}, ""cpu_util_7"": {""mean"": 93.5777125, ""max"": 93.791268}, ""cpu_util_8"": {""mean"": 93.5777125, ""max"": 93.791268}, ""cpu_util_9"": {""mean"": 93.5777125, ""max"": 93.791268}, ""cpu_util_10"": {""mean"": 93.5777125, ""max"": 93.791268}, ""cpu_util_11"": {""mean"": 93.5777125, ""max"": 93.791268}, ""memory"": {""mean"": 0.316448, ""max"": 0.316448}, ""io_read_count"": {""mean"": 11320.806262, ""max"": 13184.372586}, ""io_write_count"": {""mean"": 19.722659, ""max"": 22.96929}, ""io_read"": {""mean"": 0.0, ""max"": 0.0}, ""io_write"": {""mean"": 0.0, ""max"": 0.0}, ""gpu_util_avg"": {""mean"": 0.0, ""max"": 0.0}, ""gpu_util_min"": {""mean"": 0.0, ""max"": 0.0}, ""gpu_util_max"": {""mean"": 0.0, ""max"": 0.0}, ""gpu_util_0"": {""mean"": 0.0, ""max"": 0.0}, ""gpu_band_avg"": {""mean"": 0.0, ""max"": 0.0}, ""gpu_band_min"": {""mean"": 0.0, ""max"": 0.0}, ""gpu_band_max"": {""mean"": 0.0, ""max"": 0.0}, ""gpu_band_0"": {""mean"": 0.0, ""max"": 0.0}, ""gpu_mem_avg"": {""mean"": 0.0, ""max"": 0.0}, ""gpu_mem_min"": {""mean"": 0.0, ""max"": 0.0}, ""gpu_mem_max"": {""mean"": 0.0, ""max"": 0.0}, ""gpu_mem_0"": {""mean"": 0.0, ""max"": 0.0}}","{""product"": {""kind"": ""array"", ""shape"": [2000, 2000], ""dtype"": ""float64"", ""mean"": 500.01872635521926, ""std"": 9.845639787888365, ""min"": 452.8252003037207, ""max"": 552.6527329950178}}",,
array_reduce,matmul,full,full,False,4,0,ok,0.175096,3.6419,3.6615,,"{""cpu_util_avg"": {""mean"": 86.30439075, ""max"": 90.803742}, ""cpu_util_min"": {""mean"": 86.30439075, ""max"": 90.803742}, ""cpu_util_max"": {""mean"": 86.30439075, ""max"": 90.803742}, ""cpu_util_0"": {""mean"": 86.30439075, ""max"": 90.803742}, ""cpu_util_1"": {""mean"": 86.30439075, ""max"": 90.803742}, ""cpu_util_2"": {""mean"": 86.30439075, ""max"": 90.803742}, ""cpu_util_3"": {""mean"": 86.30439075, ""max"": 90.803742}, ""cpu_util_4"": {""mean"": 86.30439075, ""max"": 90.803742}, ""cpu_util_5"": {""mean"": 86.30439075, ""max"": 90.803742}, ""cpu_util_6"": {""mean"": 86.30439075, ""max"": 90.803742}, ""cpu_util_7"": {""mean"": 86.30439075, ""max"": 90.803742}, ""cpu_util_8"": {""mean"": 86.30439075, ""max"": 90.803742}, ""cpu_util_9"": {""mean"": 86.30439075, ""max"": 90.803742}, ""cpu_util_10"": {""mean"": 86.30439075, ""max"": 90.803742}, ""cpu_util_11"": {""mean"": 86.30439075, ""max"": 90.803742}, ""memory"": {""mean"": 0.31531525000000005, ""max"": 0.316902}, ""io_read_count"": {""mean"": 11150.317515749999, ""max"": 12763.75556}, ""io_write_count"": {""mean"": 19.417254, ""max"": 22.236508}, ""io_read"": {""mean"": 0.0, ""max"": 0.0}, ""io_write"": {""mean"": 0.0, ""max"": 0.0}, ""gpu_util_avg"": {""mean"": 0.0, ""max"": 0.0}, ""gpu_util_min"": {""mean"": 0.0, ""max"": 0.0}, ""gpu_util_max"": {""mean"": 0.0, ""max"": 0.0}, ""gpu_util_0"": {""mean"": 0.0, ""max"": 0.0}, ""gpu_band_avg"": {""mean"": 0.0, ""max"": 0.0}, ""gpu_band_min"": {""mean"": 0.0, ""max"": 0.0}, ""gpu_band_max"": {""mean"": 0.0, ""max"": 0.0}, ""gpu_band_0"": {""mean"": 0.0, ""max"": 0.0}, ""gpu_mem_avg"": {""mean"": 0.0, ""max"": 0.0}, ""gpu_mem_min"": {""mean"": 0.0, ""max"": 0.0}, ""gpu_mem_max"": {""mean"": 0.0, ""max"": 0.0}, ""gpu_mem_0"": {""mean"": 0.0, ""max"": 0.0}}","{""product"": {""kind"": ""array"", ""shape"": [2000, 2000], ""dtype"": ""float64"", ""mean"": 500.01872635521926, ""std"": 9.845639787888365, ""min"": 452.8252003037207, ""max"": 552.6527329950178}}",,
array_reduce,matmul,fork,fork,False,4,1,ok,0.157972,0.3678,0.3886,,"{""cpu_util_avg"": {""mean"": 71.380756, ""max"": 89.281139}, ""cpu_util_min"": {""mean"": 71.380756, ""max"": 89.281139}, ""cpu_util_max"": {""mean"": 71.380756, ""max"": 89.281139}, ""cpu_util_0"": {""mean"": 71.380756, ""max"": 89.281139}, ""cpu_util_1"": {""mean"": 71.380756, ""max"": 89.281139}, ""cpu_util_2"": {""mean"": 71.380756, ""max"": 89.281139}, ""cpu_util_3"": {""mean"": 71.380756, ""max"": 89.281139}, ""cpu_util_4"": {""mean"": 71.380756, ""max"": 89.281139}, ""cpu_util_5"": {""mean"": 71.380756, ""max"": 89.281139}, ""cpu_util_6"": {""mean"": 71.380756, ""max"": 89.281139}, ""cpu_util_7"": {""mean"": 71.380756, ""max"": 89.281139}, ""cpu_util_8"": {""mean"": 71.380756, ""max"": 89.281139}, ""cpu_util_9"": {""mean"": 71.380756, ""max"": 89.281139}, ""cpu_util_10"": {""mean"": 71.380756, ""max"": 89.281139}, ""cpu_util_11"": {""mean"": 71.380756, ""max"": 89.281139}, ""memory"": {""mean"": 0.6500205, ""max"": 0.650356}, ""io_read_count"": {""mean"": 11572.1100075, ""max"": 12363.652166}, ""io_write_count"": {""mean"": 25.412518499999997, ""max"": 42.854947}, ""io_read"": {""mean"": 0.0, ""max"": 0.0}, ""io_write"": {""mean"": 21941.732786, ""max"": 87766.931144}, ""gpu_util_avg"": {""mean"": 0.0, ""max"": 0.0}, ""gpu_util_min"": {""mean"": 0.0, ""max"": 0.0}, ""gpu_util_max"": {""mean"": 0.0, ""max"": 0.0}, ""gpu_util_0"": {""mean"": 0.0, ""max"": 0.0}, ""gpu_band_avg"": {""mean"": 0.0, ""max"": 0.0}, ""gpu_band_min"": {""mean"": 0.0, ""max"": 0.0}, ""gpu_band_max"": {""mean"": 0.0, ""max"": 0.0}, ""gpu_band_0"": {""mean"": 0.0, ""max"": 0.0}, ""gpu_mem_avg"": {""mean"": 0.0, ""max"": 0.0}, ""gpu_mem_min"": {""mean"": 0.0, ""max"": 0.0}, ""gpu_mem_max"": {""mean"": 0.0, ""max"": 0.0}, ""gpu_mem_0"": {""mean"": 0.0, ""max"": 0.0}}","{""product"": {""kind"": ""array"", ""shape"": [2000, 2000], ""dtype"": ""float64"", ""mean"": 500.01872635521926, ""std"": 9.845639787888365, ""min"": 452.8252003037207, ""max"": 552.6527329950178}}",,
python_objects,sum,full,full,False,0,0,ok,0.022703,3.2567,3.2721,,{},"{""total"": {""kind"": ""scalar"", ""value"": 23999994000000.0}}",,
python_objects,sum,fork,fork,False,0,1,ok,0.115064,0.311,0.33,31378.0,"{""cpu_util_avg"": {""mean"": 9.168654499999999, ""max"": 10.005514}, ""cpu_util_min"": {""mean"": 9.168654499999999, ""max"": 10.005514}, ""cpu_util_max"": {""mean"": 9.168654499999999, ""max"": 10.005514}, ""cpu_util_0"": {""mean"": 9.168654499999999, ""max"": 10.005514}, ""cpu_util_1"": {""mean"": 9.168654499999999, ""max"": 10.005514}, ""cpu_util_2"": {""mean"": 9.168654499999999, ""max"": 10.005514}, ""cpu_util_3"": {""mean"": 9.168654499999999, ""max"": 10.005514}, ""cpu_util_4"": {""mean"": 9.168654499999999, ""max"": 10.005514}, ""cpu_util_5"": {""mean"": 9.168654499999999, ""max"": 10.005514}, ""cpu_util_6"": {""mean"": 9.168654499999999, ""max"": 10.005514}, ""cpu_util_7"": {""mean"": 9.168654499999999, ""max"": 10.005514}, ""cpu_util_8"": {""mean"": 9.168654499999999, ""max"": 10.005514}, ""cpu_util_9"": {""mean"": 9.168654499999999, ""max"": 10.005514}, ""cpu_util_10"": {""mean"": 9.168654499999999, ""max"": 10.005514}, ""cpu_util_11"": {""mean"": 9.168654499999999, ""max"": 10.005514}, ""memory"": {""mean"": 0.783577, ""max"": 0.783577}, ""io_read_count"": {""mean"": 11542.116077499999, ""max"": 11546.362969}, ""io_write_count"": {""mean"": 20.0036675, ""max"": 20.011028}, ""io_read"": {""mean"": 0.0, ""max"": 0.0}, ""io_write"": {""mean"": 0.0, ""max"": 0.0}, ""gpu_util_avg"": {""mean"": 0.0, ""max"": 0.0}, ""gpu_util_min"": {""mean"": 0.0, ""max"": 0.0}, ""gpu_util_max"": {""mean"": 0.0, ""max"": 0.0}, ""gpu_util_0"": {""mean"": 0.0, ""max"": 0.0}, ""gpu_band_avg"": {""mean"": 0.0, ""max"": 0.0}, ""gpu_band_min"": {""mean"": 0.0, ""max"": 0.0}, ""gpu_band_max"": {""mean"": 0.0, ""max"": 0.0}, ""gpu_band_0"": {""mean"": 0.0, ""max"": 0.0}, ""gpu_mem_avg"": {""mean"": 0.0, ""max"": 0.0}, ""gpu_mem_min"": {""mean"": 0.0, ""max"": 0.0}, ""gpu_mem_max"": {""mean"": 0.0, ""max"": 0.0}, ""gpu_mem_0"": {""mean"": 0.0, ""max"": 0.0}}","{""total"": {""kind"": ""scalar"", ""value"": 23999994000000.0}}","[JUmPER]: a benchmark measurement spent at least 13ms of its 115ms on 31378 page faults - the cost of touching memory inherited from the prefix rather than of the cell itself. Cells working over large Python objects are affected most, and the timing understates them. Re-run with --replay-mode full for a number that does not carry this.",
python_objects,sum,fork,fork,False,1,0,ok,0.108334,0.2657,0.2827,31378.0,"{""cpu_util_avg"": {""mean"": 10.8343645, ""max"": 11.660317}, ""cpu_util_min"": {""mean"": 10.8343645, ""max"": 11.660317}, ""cpu_util_max"": {""mean"": 10.8343645, ""max"": 11.660317}, ""cpu_util_0"": {""mean"": 10.8343645, ""max"": 11.660317}, ""cpu_util_1"": {""mean"": 10.8343645, ""max"": 11.660317}, ""cpu_util_2"": {""mean"": 10.8343645, ""max"": 11.660317}, ""cpu_util_3"": {""mean"": 10.8343645, ""max"": 11.660317}, ""cpu_util_4"": {""mean"": 10.8343645, ""max"": 11.660317}, ""cpu_util_5"": {""mean"": 10.8343645, ""max"": 11.660317}, ""cpu_util_6"": {""mean"": 10.8343645, ""max"": 11.660317}, ""cpu_util_7"": {""mean"": 10.8343645, ""max"": 11.660317}, ""cpu_util_8"": {""mean"": 10.8343645, ""max"": 11.660317}, ""cpu_util_9"": {""mean"": 10.8343645, ""max"": 11.660317}, ""cpu_util_10"": {""mean"": 10.8343645, ""max"": 11.660317}, ""cpu_util_11"": {""mean"": 10.8343645, ""max"": 11.660317}, ""memory"": {""mean"": 0.7846145, ""max"": 0.784798}, ""io_read_count"": {""mean"": 11541.713479, ""max"": 11549.707991}, ""io_write_count"": {""mean"": 20.0029695, ""max"": 20.016825}, ""io_read"": {""mean"": 0.0, ""max"": 0.0}, ""io_write"": {""mean"": 0.0, ""max"": 0.0}, ""gpu_util_avg"": {""mean"": 0.0, ""max"": 0.0}, ""gpu_util_min"": {""mean"": 0.0, ""max"": 0.0}, ""gpu_util_max"": {""mean"": 0.0, ""max"": 0.0}, ""gpu_util_0"": {""mean"": 0.0, ""max"": 0.0}, ""gpu_band_avg"": {""mean"": 0.0, ""max"": 0.0}, ""gpu_band_min"": {""mean"": 0.0, ""max"": 0.0}, ""gpu_band_max"": {""mean"": 0.0, ""max"": 0.0}, ""gpu_band_0"": {""mean"": 0.0, ""max"": 0.0}, ""gpu_mem_avg"": {""mean"": 0.0, ""max"": 0.0}, ""gpu_mem_min"": {""mean"": 0.0, ""max"": 0.0}, ""gpu_mem_max"": {""mean"": 0.0, ""max"": 0.0}, ""gpu_mem_0"": {""mean"": 0.0, ""max"": 0.0}}","{""total"": {""kind"": ""scalar"", ""value"": 23999994000000.0}}","[JUmPER]: a benchmark measurement spent at least 13ms of its 108ms on 31378 page faults - the cost of touching memory inherited from the prefix rather than of the cell itself. Cells working over large Python objects are affected most, and the timing understates them. Re-run with --replay-mode full for a number that does not carry this.",
python_objects,sum,full,full,False,1,1,ok,0.021471,3.2485,3.2646,,"{""cpu_util_avg"": {""mean"": 9.997381, ""max"": 9.997381}, ""cpu_util_min"": {""mean"": 9.997381, ""max"": 9.997381}, ""cpu_util_max"": {""mean"": 9.997381, ""max"": 9.997381}, ""cpu_util_0"": {""mean"": 9.997381, ""max"": 9.997381}, ""cpu_util_1"": {""mean"": 9.997381, ""max"": 9.997381}, ""cpu_util_2"": {""mean"": 9.997381, ""max"": 9.997381}, ""cpu_util_3"": {""mean"": 9.997381, ""max"": 9.997381}, ""cpu_util_4"": {""mean"": 9.997381, ""max"": 9.997381}, ""cpu_util_5"": {""mean"": 9.997381, ""max"": 9.997381}, ""cpu_util_6"": {""mean"": 9.997381, ""max"": 9.997381}, ""cpu_util_7"": {""mean"": 9.997381, ""max"": 9.997381}, ""cpu_util_8"": {""mean"": 9.997381, ""max"": 9.997381}, ""cpu_util_9"": {""mean"": 9.997381, ""max"": 9.997381}, ""cpu_util_10"": {""mean"": 9.997381, ""max"": 9.997381}, ""cpu_util_11"": {""mean"": 9.997381, ""max"": 9.997381}, ""memory"": {""mean"": 0.362625, ""max"": 0.362625}, ""io_read_count"": {""mean"": 12016.852546, ""max"": 12016.852546}, ""io_write_count"": {""mean"": 19.994763, ""max"": 19.994763}, ""io_read"": {""mean"": 0.0, ""max"": 0.0}, ""io_write"": {""mean"": 0.0, ""max"": 0.0}, ""gpu_util_avg"": {""mean"": 0.0, ""max"": 0.0}, ""gpu_util_min"": {""mean"": 0.0, ""max"": 0.0}, ""gpu_util_max"": {""mean"": 0.0, ""max"": 0.0}, ""gpu_util_0"": {""mean"": 0.0, ""max"": 0.0}, ""gpu_band_avg"": {""mean"": 0.0, ""max"": 0.0}, ""gpu_band_min"": {""mean"": 0.0, ""max"": 0.0}, ""gpu_band_max"": {""mean"": 0.0, ""max"": 0.0}, ""gpu_band_0"": {""mean"": 0.0, ""max"": 0.0}, ""gpu_mem_avg"": {""mean"": 0.0, ""max"": 0.0}, ""gpu_mem_min"": {""mean"": 0.0, ""max"": 0.0}, ""gpu_mem_max"": {""mean"": 0.0, ""max"": 0.0}, ""gpu_mem_0"": {""mean"": 0.0, ""max"": 0.0}}","{""total"": {""kind"": ""scalar"", ""value"": 23999994000000.0}}",,
python_objects,sum,full,full,False,2,0,ok,0.022852,3.2321,3.2502,,"{""cpu_util_avg"": {""mean"": 11.660258, ""max"": 11.660258}, ""cpu_util_min"": {""mean"": 11.660258, ""max"": 11.660258}, ""cpu_util_max"": {""mean"": 11.660258, ""max"": 11.660258}, ""cpu_util_0"": {""mean"": 11.660258, ""max"": 11.660258}, ""cpu_util_1"": {""mean"": 11.660258, ""max"": 11.660258}, ""cpu_util_2"": {""mean"": 11.660258, ""max"": 11.660258}, ""cpu_util_3"": {""mean"": 11.660258, ""max"": 11.660258}, ""cpu_util_4"": {""mean"": 11.660258, ""max"": 11.660258}, ""cpu_util_5"": {""mean"": 11.660258, ""max"": 11.660258}, ""cpu_util_6"": {""mean"": 11.660258, ""max"": 11.660258}, ""cpu_util_7"": {""mean"": 11.660258, ""max"": 11.660258}, ""cpu_util_8"": {""mean"": 11.660258, ""max"": 11.660258}, ""cpu_util_9"": {""mean"": 11.660258, ""max"": 11.660258}, ""cpu_util_10"": {""mean"": 11.660258, ""max"": 11.660258}, ""cpu_util_11"": {""mean"": 11.660258, ""max"": 11.660258}, ""memory"": {""mean"": 0.362801, ""max"": 0.362801}, ""io_read_count"": {""mean"": 11473.693599, ""max"": 11473.693599}, ""io_write_count"": {""mean"": 19.989013, ""max"": 19.989013}, ""io_read"": {""mean"": 0.0, ""max"": 0.0}, ""io_write"": {""mean"": 0.0, ""max"": 0.0}, ""gpu_util_avg"": {""mean"": 0.0, ""max"": 0.0}, ""gpu_util_min"": {""mean"": 0.0, ""max"": 0.0}, ""gpu_util_max"": {""mean"": 0.0, ""max"": 0.0}, ""gpu_util_0"": {""mean"": 0.0, ""max"": 0.0}, ""gpu_band_avg"": {""mean"": 0.0, ""max"": 0.0}, ""gpu_band_min"": {""mean"": 0.0, ""max"": 0.0}, ""gpu_band_max"": {""mean"": 0.0, ""max"": 0.0}, ""gpu_band_0"": {""mean"": 0.0, ""max"": 0.0}, ""gpu_mem_avg"": {""mean"": 0.0, ""max"": 0.0}, ""gpu_mem_min"": {""mean"": 0.0, ""max"": 0.0}, ""gpu_mem_max"": {""mean"": 0.0, ""max"": 0.0}, ""gpu_mem_0"": {""mean"": 0.0, ""max"": 0.0}}","{""total"": {""kind"": ""scalar"", ""value"": 23999994000000.0}}",,
python_objects,sum,fork,fork,False,2,1,ok,0.110276,0.2632,0.2801,31378.0,"{""cpu_util_avg"": {""mean"": 10.005509, ""max"": 10.009314}, ""cpu_util_min"": {""mean"": 10.005509, ""max"": 10.009314}, ""cpu_util_max"": {""mean"": 10.005509, ""max"": 10.009314}, ""cpu_util_0"": {""mean"": 10.005509, ""max"": 10.009314}, ""cpu_util_1"": {""mean"": 10.005509, ""max"": 10.009314}, ""cpu_util_2"": {""mean"": 10.005509, ""max"": 10.009314}, ""cpu_util_3"": {""mean"": 10.005509, ""max"": 10.009314}, ""cpu_util_4"": {""mean"": 10.005509, ""max"": 10.009314}, ""cpu_util_5"": {""mean"": 10.005509, ""max"": 10.009314}, ""cpu_util_6"": {""mean"": 10.005509, ""max"": 10.009314}, ""cpu_util_7"": {""mean"": 10.005509, ""max"": 10.009314}, ""cpu_util_8"": {""mean"": 10.005509, ""max"": 10.009314}, ""cpu_util_9"": {""mean"": 10.005509, ""max"": 10.009314}, ""cpu_util_10"": {""mean"": 10.005509, ""max"": 10.009314}, ""cpu_util_11"": {""mean"": 10.005509, ""max"": 10.009314}, ""memory"": {""mean"": 0.7844085, ""max"": 0.784592}, ""io_read_count"": {""mean"": 11546.357707, ""max"": 11550.748432}, ""io_write_count"": {""mean"": 20.0110185, ""max"": 20.018628}, ""io_read"": {""mean"": 0.0, ""max"": 0.0}, ""io_write"": {""mean"": 0.0, ""max"": 0.0}, ""gpu_util_avg"": {""mean"": 0.0, ""max"": 0.0}, ""gpu_util_min"": {""mean"": 0.0, ""max"": 0.0}, ""gpu_util_max"": {""mean"": 0.0, ""max"": 0.0}, ""gpu_util_0"": {""mean"": 0.0, ""max"": 0.0}, ""gpu_band_avg"": {""mean"": 0.0, ""max"": 0.0}, ""gpu_band_min"": {""mean"": 0.0, ""max"": 0.0}, ""gpu_band_max"": {""mean"": 0.0, ""max"": 0.0}, ""gpu_band_0"": {""mean"": 0.0, ""max"": 0.0}, ""gpu_mem_avg"": {""mean"": 0.0, ""max"": 0.0}, ""gpu_mem_min"": {""mean"": 0.0, ""max"": 0.0}, ""gpu_mem_max"": {""mean"": 0.0, ""max"": 0.0}, ""gpu_mem_0"": {""mean"": 0.0, ""max"": 0.0}}","{""total"": {""kind"": ""scalar"", ""value"": 23999994000000.0}}","[JUmPER]: a benchmark measurement spent at least 13ms of its 110ms on 31378 page faults - the cost of touching memory inherited from the prefix rather than of the cell itself. Cells working over large Python objects are affected most, and the timing understates them. Re-run with --replay-mode full for a number that does not carry this.",
python_objects,sum,fork,fork,False,3,0,ok,0.112258,0.2651,0.2848,31378.0,"{""cpu_util_avg"": {""mean"": 9.1667145, ""max"": 10.002419}, ""cpu_util_min"": {""mean"": 9.1667145, ""max"": 10.002419}, ""cpu_util_max"": {""mean"": 9.1667145, ""max"": 10.002419}, ""cpu_util_0"": {""mean"": 9.1667145, ""max"": 10.002419}, ""cpu_util_1"": {""mean"": 9.1667145, ""max"": 10.002419}, ""cpu_util_2"": {""mean"": 9.1667145, ""max"": 10.002419}, ""cpu_util_3"": {""mean"": 9.1667145, ""max"": 10.002419}, ""cpu_util_4"": {""mean"": 9.1667145, ""max"": 10.002419}, ""cpu_util_5"": {""mean"": 9.1667145, ""max"": 10.002419}, ""cpu_util_6"": {""mean"": 9.1667145, ""max"": 10.002419}, ""cpu_util_7"": {""mean"": 9.1667145, ""max"": 10.002419}, ""cpu_util_8"": {""mean"": 9.1667145, ""max"": 10.002419}, ""cpu_util_9"": {""mean"": 9.1667145, ""max"": 10.002419}, ""cpu_util_10"": {""mean"": 9.1667145, ""max"": 10.002419}, ""cpu_util_11"": {""mean"": 9.1667145, ""max"": 10.002419}, ""memory"": {""mean"": 0.7848625, ""max"": 0.785046}, ""io_read_count"": {""mean"": 12019.7630695, ""max"": 12076.632793}, ""io_write_count"": {""mean"": 19.9996315, ""max"": 20.004838}, ""io_read"": {""mean"": 0.0, ""max"": 0.0}, ""io_write"": {""mean"": 0.0, ""max"": 0.0}, ""gpu_util_avg"": {""mean"": 0.0, ""max"": 0.0}, ""gpu_util_min"": {""mean"": 0.0, ""max"": 0.0}, ""gpu_util_max"": {""mean"": 0.0, ""max"": 0.0}, ""gpu_util_0"": {""mean"": 0.0, ""max"": 0.0}, ""gpu_band_avg"": {""mean"": 0.0, ""max"": 0.0}, ""gpu_band_min"": {""mean"": 0.0, ""max"": 0.0}, ""gpu_band_max"": {""mean"": 0.0, ""max"": 0.0}, ""gpu_band_0"": {""mean"": 0.0, ""max"": 0.0}, ""gpu_mem_avg"": {""mean"": 0.0, ""max"": 0.0}, ""gpu_mem_min"": {""mean"": 0.0, ""max"": 0.0}, ""gpu_mem_max"": {""mean"": 0.0, ""max"": 0.0}, ""gpu_mem_0"": {""mean"": 0.0, ""max"": 0.0}}","{""total"": {""kind"": ""scalar"", ""value"": 23999994000000.0}}","[JUmPER]: a benchmark measurement spent at least 13ms of its 112ms on 31378 page faults - the cost of touching memory inherited from the prefix rather than of the cell itself. Cells working over large Python objects are affected most, and the timing understates them. Re-run with --replay-mode full for a number that does not carry this.",
python_objects,sum,full,full,False,3,1,ok,0.026717,3.8262,3.8426,,{},"{""total"": {""kind"": ""scalar"", ""value"": 23999994000000.0}}",,
python_objects,sum,full,full,False,4,0,ok,0.023303,3.4048,3.4197,,{},"{""total"": {""kind"": ""scalar"", ""value"": 23999994000000.0}}",,
python_objects,sum,fork,fork,False,4,1,ok,0.115605,0.2735,0.2911,31379.0,"{""cpu_util_avg"": {""mean"": 8.890663666666667, ""max"": 10.008024}, ""cpu_util_min"": {""mean"": 8.890663666666667, ""max"": 10.008024}, ""cpu_util_max"": {""mean"": 8.890663666666667, ""max"": 10.008024}, ""cpu_util_0"": {""mean"": 8.890663666666667, ""max"": 10.008024}, ""cpu_util_1"": {""mean"": 8.890663666666667, ""max"": 10.008024}, ""cpu_util_2"": {""mean"": 8.890663666666667, ""max"": 10.008024}, ""cpu_util_3"": {""mean"": 8.890663666666667, ""max"": 10.008024}, ""cpu_util_4"": {""mean"": 8.890663666666667, ""max"": 10.008024}, ""cpu_util_5"": {""mean"": 8.890663666666667, ""max"": 10.008024}, ""cpu_util_6"": {""mean"": 8.890663666666667, ""max"": 10.008024}, ""cpu_util_7"": {""mean"": 8.890663666666667, ""max"": 10.008024}, ""cpu_util_8"": {""mean"": 8.890663666666667, ""max"": 10.008024}, ""cpu_util_9"": {""mean"": 8.890663666666667, ""max"": 10.008024}, ""cpu_util_10"": {""mean"": 8.890663666666667, ""max"": 10.008024}, ""cpu_util_11"": {""mean"": 8.890663666666667, ""max"": 10.008024}, ""memory"": {""mean"": 0.7848016666666666, ""max"": 0.784924}, ""io_read_count"": {""mean"": 11901.469896, ""max"": 11909.548599}, ""io_write_count"": {""mean"": 20.002470666666667, ""max"": 20.016048}, ""io_read"": {""mean"": 0.0, ""max"": 0.0}, ""io_write"": {""mean"": 0.0, ""max"": 0.0}, ""gpu_util_avg"": {""mean"": 0.0, ""max"": 0.0}, ""gpu_util_min"": {""mean"": 0.0, ""max"": 0.0}, ""gpu_util_max"": {""mean"": 0.0, ""max"": 0.0}, ""gpu_util_0"": {""mean"": 0.0, ""max"": 0.0}, ""gpu_band_avg"": {""mean"": 0.0, ""max"": 0.0}, ""gpu_band_min"": {""mean"": 0.0, ""max"": 0.0}, ""gpu_band_max"": {""mean"": 0.0, ""max"": 0.0}, ""gpu_band_0"": {""mean"": 0.0, ""max"": 0.0}, ""gpu_mem_avg"": {""mean"": 0.0, ""max"": 0.0}, ""gpu_mem_min"": {""mean"": 0.0, ""max"": 0.0}, ""gpu_mem_max"": {""mean"": 0.0, ""max"": 0.0}, ""gpu_mem_0"": {""mean"": 0.0, ""max"": 0.0}}","{""total"": {""kind"": ""scalar"", ""value"": 23999994000000.0}}","[JUmPER]: a benchmark measurement spent at least 13ms of its 116ms on 31379 page faults - the cost of touching memory inherited from the prefix rather than of the cell itself. Cells working over large Python objects are affected most, and the timing understates them. Re-run with --replay-mode full for a number that does not carry this.",
memmap_scan,scan,full,full,False,0,0,ok,0.011196,3.081,3.0914,,{},"{""total"": {""kind"": ""scalar"", ""value"": 312499987500000.0}}",,
memmap_scan,scan,fork,fork,False,0,1,ok,0.022143,0.1962,0.2126,3083.0,{},"{""total"": {""kind"": ""scalar"", ""value"": 312499987500000.0}}","[JUmPER]: a benchmark measurement spent at least 2ms of its 22ms on 3083 page faults - the cost of touching memory inherited from the prefix rather than of the cell itself. Cells working over large Python objects are affected most, and the timing understates them. Re-run with --replay-mode full for a number that does not carry this.",
memmap_scan,scan,fork,fork,False,1,0,ok,0.01964,0.1668,0.1847,3083.0,"{""cpu_util_avg"": {""mean"": 9.998375, ""max"": 9.998375}, ""cpu_util_min"": {""mean"": 9.998375, ""max"": 9.998375}, ""cpu_util_max"": {""mean"": 9.998375, ""max"": 9.998375}, ""cpu_util_0"": {""mean"": 9.998375, ""max"": 9.998375}, ""cpu_util_1"": {""mean"": 9.998375, ""max"": 9.998375}, ""cpu_util_2"": {""mean"": 9.998375, ""max"": 9.998375}, ""cpu_util_3"": {""mean"": 9.998375, ""max"": 9.998375}, ""cpu_util_4"": {""mean"": 9.998375, ""max"": 9.998375}, ""cpu_util_5"": {""mean"": 9.998375, ""max"": 9.998375}, ""cpu_util_6"": {""mean"": 9.998375, ""max"": 9.998375}, ""cpu_util_7"": {""mean"": 9.998375, ""max"": 9.998375}, ""cpu_util_8"": {""mean"": 9.998375, ""max"": 9.998375}, ""cpu_util_9"": {""mean"": 9.998375, ""max"": 9.998375}, ""cpu_util_10"": {""mean"": 9.998375, ""max"": 9.998375}, ""cpu_util_11"": {""mean"": 9.998375, ""max"": 9.998375}, ""memory"": {""mean"": 0.826885, ""max"": 0.826885}, ""io_read_count"": {""mean"": 11898.066564, ""max"": 11898.066564}, ""io_write_count"": {""mean"": 19.996751, ""max"": 19.996751}, ""io_read"": {""mean"": 0.0, ""max"": 0.0}, ""io_write"": {""mean"": 0.0, ""max"": 0.0}, ""gpu_util_avg"": {""mean"": 0.0, ""max"": 0.0}, ""gpu_util_min"": {""mean"": 0.0, ""max"": 0.0}, ""gpu_util_max"": {""mean"": 0.0, ""max"": 0.0}, ""gpu_util_0"": {""mean"": 0.0, ""max"": 0.0}, ""gpu_band_avg"": {""mean"": 0.0, ""max"": 0.0}, ""gpu_band_min"": {""mean"": 0.0, ""max"": 0.0}, ""gpu_band_max"": {""mean"": 0.0, ""max"": 0.0}, ""gpu_band_0"": {""mean"": 0.0, ""max"": 0.0}, ""gpu_mem_avg"": {""mean"": 0.0, ""max"": 0.0}, ""gpu_mem_min"": {""mean"": 0.0, ""max"": 0.0}, ""gpu_mem_max"": {""mean"": 0.0, ""max"": 0.0}, ""gpu_mem_0"": {""mean"": 0.0, ""max"": 0.0}}","{""total"": {""kind"": ""scalar"", ""value"": 312499987500000.0}}","[JUmPER]: a benchmark measurement spent at least 2ms of its 20ms on 3083 page faults - the cost of touching memory inherited from the prefix rather than of the cell itself. Cells working over large Python objects are affected most, and the timing understates them. Re-run with --replay-mode full for a number that does not carry this.",
memmap_scan,scan,full,full,False,1,1,ok,0.009668,2.9149,2.9237,,{},"{""total"": {""kind"": ""scalar"", ""value"": 312499987500000.0}}",,
memmap_scan,scan,full,full,False,2,0,ok,0.01159,2.8517,2.8607,,{},"{""total"": {""kind"": ""scalar"", ""value"": 312499987500000.0}}",,
memmap_scan,scan,fork,fork,False,2,1,ok,0.019858,0.155,0.1692,3083.0,{},"{""total"": {""kind"": ""scalar"", ""value"": 312499987500000.0}}","[JUmPER]: a benchmark measurement spent at least 2ms of its 20ms on 3083 page faults - the cost of touching memory inherited from the prefix rather than of the cell itself. Cells working over large Python objects are affected most, and the timing understates them. Re-run with --replay-mode full for a number that does not carry this.",
memmap_scan,scan,fork,fork,False,3,0,ok,0.018861,0.1625,0.178,3083.0,{},"{""total"": {""kind"": ""scalar"", ""value"": 312499987500000.0}}","[JUmPER]: a benchmark measurement spent at least 2ms of its 19ms on 3083 page faults - the cost of touching memory inherited from the prefix rather than of the cell itself. Cells working over large Python objects are affected most, and the timing understates them. Re-run with --replay-mode full for a number that does not carry this.",
memmap_scan,scan,full,full,False,3,1,ok,0.01067,2.7901,2.7998,,{},"{""total"": {""kind"": ""scalar"", ""value"": 312499987500000.0}}",,
memmap_scan,scan,full,full,False,4,0,ok,0.009037,2.8013,2.8114,,{},"{""total"": {""kind"": ""scalar"", ""value"": 312499987500000.0}}",,
memmap_scan,scan,fork,fork,False,4,1,ok,0.018074,0.1549,0.1702,3083.0,{},"{""total"": {""kind"": ""scalar"", ""value"": 312499987500000.0}}","[JUmPER]: a benchmark measurement spent at least 2ms of its 18ms on 3083 page faults - the cost of touching memory inherited from the prefix rather than of the cell itself. Cells working over large Python objects are affected most, and the timing understates them. Re-run with --replay-mode full for a number that does not carry this.",
fast_rewrite,loop,full,full,False,0,0,ok,0.247952,3.1849,3.2055,,"{""cpu_util_avg"": {""mean"": 9.664048000000001, ""max"": 10.004751}, ""cpu_util_min"": {""mean"": 9.664048000000001, ""max"": 10.004751}, ""cpu_util_max"": {""mean"": 9.664048000000001, ""max"": 10.004751}, ""cpu_util_0"": {""mean"": 9.664048000000001, ""max"": 10.004751}, ""cpu_util_1"": {""mean"": 9.664048000000001, ""max"": 10.004751}, ""cpu_util_2"": {""mean"": 9.664048000000001, ""max"": 10.004751}, ""cpu_util_3"": {""mean"": 9.664048000000001, ""max"": 10.004751}, ""cpu_util_4"": {""mean"": 9.664048000000001, ""max"": 10.004751}, ""cpu_util_5"": {""mean"": 9.664048000000001, ""max"": 10.004751}, ""cpu_util_6"": {""mean"": 9.664048000000001, ""max"": 10.004751}, ""cpu_util_7"": {""mean"": 9.664048000000001, ""max"": 10.004751}, ""cpu_util_8"": {""mean"": 9.664048000000001, ""max"": 10.004751}, ""cpu_util_9"": {""mean"": 9.664048000000001, ""max"": 10.004751}, ""cpu_util_10"": {""mean"": 9.664048000000001, ""max"": 10.004751}, ""cpu_util_11"": {""mean"": 9.664048000000001, ""max"": 10.004751}, ""memory"": {""mean"": 0.22604759999999996, ""max"": 0.226292}, ""io_read_count"": {""mean"": 9488.4668742, ""max"": 11921.376204}, ""io_write_count"": {""mean"": 16.0007856, ""max"": 20.009503}, ""io_read"": {""mean"": 0.0, ""max"": 0.0}, ""io_write"": {""mean"": 0.0, ""max"": 0.0}, ""gpu_util_avg"": {""mean"": 0.0, ""max"": 0.0}, ""gpu_util_min"": {""mean"": 0.0, ""max"": 0.0}, ""gpu_util_max"": {""mean"": 0.0, ""max"": 0.0}, ""gpu_util_0"": {""mean"": 0.0, ""max"": 0.0}, ""gpu_band_avg"": {""mean"": 0.0, ""max"": 0.0}, ""gpu_band_min"": {""mean"": 0.0, ""max"": 0.0}, ""gpu_band_max"": {""mean"": 0.0, ""max"": 0.0}, ""gpu_band_0"": {""mean"": 0.0, ""max"": 0.0}, ""gpu_mem_avg"": {""mean"": 0.0, ""max"": 0.0}, ""gpu_mem_min"": {""mean"": 0.0, ""max"": 0.0}, ""gpu_mem_max"": {""mean"": 0.0, ""max"": 0.0}, ""gpu_mem_0"": {""mean"": 0.0, ""max"": 0.0}}","{""total"": {""kind"": ""scalar"", ""value"": 1999999000000.0}}",,
fast_rewrite,loop,fork,fork,False,0,1,ok,0.288244,0.4513,0.4686,,"{""cpu_util_avg"": {""mean"": 9.666509399999999, ""max"": 11.657467}, ""cpu_util_min"": {""mean"": 9.666509399999999, ""max"": 11.657467}, ""cpu_util_max"": {""mean"": 9.666509399999999, ""max"": 11.657467}, ""cpu_util_0"": {""mean"": 9.666509399999999, ""max"": 11.657467}, ""cpu_util_1"": {""mean"": 9.666509399999999, ""max"": 11.657467}, ""cpu_util_2"": {""mean"": 9.666509399999999, ""max"": 11.657467}, ""cpu_util_3"": {""mean"": 9.666509399999999, ""max"": 11.657467}, ""cpu_util_4"": {""mean"": 9.666509399999999, ""max"": 11.657467}, ""cpu_util_5"": {""mean"": 9.666509399999999, ""max"": 11.657467}, ""cpu_util_6"": {""mean"": 9.666509399999999, ""max"": 11.657467}, ""cpu_util_7"": {""mean"": 9.666509399999999, ""max"": 11.657467}, ""cpu_util_8"": {""mean"": 9.666509399999999, ""max"": 11.657467}, ""cpu_util_9"": {""mean"": 9.666509399999999, ""max"": 11.657467}, ""cpu_util_10"": {""mean"": 9.666509399999999, ""max"": 11.657467}, ""cpu_util_11"": {""mean"": 9.666509399999999, ""max"": 11.657467}, ""memory"": {""mean"": 0.516167, ""max"": 0.516167}, ""io_read_count"": {""mean"": 11900.6328636, ""max"": 11911.933613}, ""io_write_count"": {""mean"": 20.001063600000002, ""max"": 20.020056}, ""io_read"": {""mean"": 0.0, ""max"": 0.0}, ""io_write"": {""mean"": 0.0, ""max"": 0.0}, ""gpu_util_avg"": {""mean"": 0.0, ""max"": 0.0}, ""gpu_util_min"": {""mean"": 0.0, ""max"": 0.0}, ""gpu_util_max"": {""mean"": 0.0, ""max"": 0.0}, ""gpu_util_0"": {""mean"": 0.0, ""max"": 0.0}, ""gpu_band_avg"": {""mean"": 0.0, ""max"": 0.0}, ""gpu_band_min"": {""mean"": 0.0, ""max"": 0.0}, ""gpu_band_max"": {""mean"": 0.0, ""max"": 0.0}, ""gpu_band_0"": {""mean"": 0.0, ""max"": 0.0}, ""gpu_mem_avg"": {""mean"": 0.0, ""max"": 0.0}, ""gpu_mem_min"": {""mean"": 0.0, ""max"": 0.0}, ""gpu_mem_max"": {""mean"": 0.0, ""max"": 0.0}, ""gpu_mem_0"": {""mean"": 0.0, ""max"": 0.0}}","{""total"": {""kind"": ""scalar"", ""value"": 1999999000000.0}}",,
fast_rewrite,vectorized,full,full,False,0,0,ok,0.001124,3.0223,3.0319,,{},"{""total"": {""kind"": ""scalar"", ""value"": 1999999000000.0}}",,
fast_rewrite,vectorized,fork,fork,False,0,1,ok,0.001432,0.1433,0.1598,,{},"{""total"": {""kind"": ""scalar"", ""value"": 1999999000000.0}}",,
fast_rewrite,loop,fork,fork,False,1,0,ok,0.291575,0.4458,0.4668,,"{""cpu_util_avg"": {""mean"": 10.000275333333333, ""max"": 11.670935}, ""cpu_util_min"": {""mean"": 10.000275333333333, ""max"": 11.670935}, ""cpu_util_max"": {""mean"": 10.000275333333333, ""max"": 11.670935}, ""cpu_util_0"": {""mean"": 10.000275333333333, ""max"": 11.670935}, ""cpu_util_1"": {""mean"": 10.000275333333333, ""max"": 11.670935}, ""cpu_util_2"": {""mean"": 10.000275333333333, ""max"": 11.670935}, ""cpu_util_3"": {""mean"": 10.000275333333333, ""max"": 11.670935}, ""cpu_util_4"": {""mean"": 10.000275333333333, ""max"": 11.670935}, ""cpu_util_5"": {""mean"": 10.000275333333333, ""max"": 11.670935}, ""cpu_util_6"": {""mean"": 10.000275333333333, ""max"": 11.670935}, ""cpu_util_7"": {""mean"": 10.000275333333333, ""max"": 11.670935}, ""cpu_util_8"": {""mean"": 10.000275333333333, ""max"": 11.670935}, ""cpu_util_9"": {""mean"": 10.000275333333333, ""max"": 11.670935}, ""cpu_util_10"": {""mean"": 10.000275333333333, ""max"": 11.670935}, ""cpu_util_11"": {""mean"": 10.000275333333333, ""max"": 11.670935}, ""memory"": {""mean"": 0.5172040000000001, ""max"": 0.517265}, ""io_read_count"": {""mean"": 12440.099918499998, ""max"": 12445.720302}, ""io_write_count"": {""mean"": 20.000160666666666, ""max"": 20.009197}, ""io_read"": {""mean"": 0.0, ""max"": 0.0}, ""io_write"": {""mean"": 0.0, ""max"": 0.0}, ""gpu_util_avg"": {""mean"": 0.0, ""max"": 0.0}, ""gpu_util_min"": {""mean"": 0.0, ""max"": 0.0}, ""gpu_util_max"": {""mean"": 0.0, ""max"": 0.0}, ""gpu_util_0"": {""mean"": 0.0, ""max"": 0.0}, ""gpu_band_avg"": {""mean"": 0.0, ""max"": 0.0}, ""gpu_band_min"": {""mean"": 0.0, ""max"": 0.0}, ""gpu_band_max"": {""mean"": 0.0, ""max"": 0.0}, ""gpu_band_0"": {""mean"": 0.0, ""max"": 0.0}, ""gpu_mem_avg"": {""mean"": 0.0, ""max"": 0.0}, ""gpu_mem_min"": {""mean"": 0.0, ""max"": 0.0}, ""gpu_mem_max"": {""mean"": 0.0, ""max"": 0.0}, ""gpu_mem_0"": {""mean"": 0.0, ""max"": 0.0}}","{""total"": {""kind"": ""scalar"", ""value"": 1999999000000.0}}",,
fast_rewrite,loop,full,full,False,1,1,ok,0.260362,3.3494,3.4295,,"{""cpu_util_avg"": {""mean"": 8.995119800000001, ""max"": 10.011382}, ""cpu_util_min"": {""mean"": 8.995119800000001, ""max"": 10.011382}, ""cpu_util_max"": {""mean"": 8.995119800000001, ""max"": 10.011382}, ""cpu_util_0"": {""mean"": 8.995119800000001, ""max"": 10.011382}, ""cpu_util_1"": {""mean"": 8.995119800000001, ""max"": 10.011382}, ""cpu_util_2"": {""mean"": 8.995119800000001, ""max"": 10.011382}, ""cpu_util_3"": {""mean"": 8.995119800000001, ""max"": 10.011382}, ""cpu_util_4"": {""mean"": 8.995119800000001, ""max"": 10.011382}, ""cpu_util_5"": {""mean"": 8.995119800000001, ""max"": 10.011382}, ""cpu_util_6"": {""mean"": 8.995119800000001, ""max"": 10.011382}, ""cpu_util_7"": {""mean"": 8.995119800000001, ""max"": 10.011382}, ""cpu_util_8"": {""mean"": 8.995119800000001, ""max"": 10.011382}, ""cpu_util_9"": {""mean"": 8.995119800000001, ""max"": 10.011382}, ""cpu_util_10"": {""mean"": 8.995119800000001, ""max"": 10.011382}, ""cpu_util_11"": {""mean"": 8.995119800000001, ""max"": 10.011382}, ""memory"": {""mean"": 0.2260872, ""max"": 0.226307}, ""io_read_count"": {""mean"": 9465.8866018, ""max"": 11853.476218}, ""io_write_count"": {""mean"": 15.989673200000002, ""max"": 20.022764}, ""io_read"": {""mean"": 0.0, ""max"": 0.0}, ""io_write"": {""mean"": 0.0, ""max"": 0.0}, ""gpu_util_avg"": {""mean"": 0.0, ""max"": 0.0}, ""gpu_util_min"": {""mean"": 0.0, ""max"": 0.0}, ""gpu_util_max"": {""mean"": 0.0, ""max"": 0.0}, ""gpu_util_0"": {""mean"": 0.0, ""max"": 0.0}, ""gpu_band_avg"": {""mean"": 0.0, ""max"": 0.0}, ""gpu_band_min"": {""mean"": 0.0, ""max"": 0.0}, ""gpu_band_max"": {""mean"": 0.0, ""max"": 0.0}, ""gpu_band_0"": {""mean"": 0.0, ""max"": 0.0}, ""gpu_mem_avg"": {""mean"": 0.0, ""max"": 0.0}, ""gpu_mem_min"": {""mean"": 0.0, ""max"": 0.0}, ""gpu_mem_max"": {""mean"": 0.0, ""max"": 0.0}, ""gpu_mem_0"": {""mean"": 0.0, ""max"": 0.0}}","{""total"": {""kind"": ""scalar"", ""value"": 1999999000000.0}}",,
fast_rewrite,vectorized,fork,fork,False,1,0,ok,0.001529,0.1512,0.1695,,{},"{""total"": {""kind"": ""scalar"", ""value"": 1999999000000.0}}",,
fast_rewrite,vectorized,full,full,False,1,1,ok,0.00135,3.1206,3.1316,,{},"{""total"": {""kind"": ""scalar"", ""value"": 1999999000000.0}}",,
fast_rewrite,loop,full,full,False,2,0,ok,0.248042,3.2194,3.2387,,"{""cpu_util_avg"": {""mean"": 9.3310634, ""max"": 10.005186}, ""cpu_util_min"": {""mean"": 9.3310634, ""max"": 10.005186}, ""cpu_util_max"": {""mean"": 9.3310634, ""max"": 10.005186}, ""cpu_util_0"": {""mean"": 9.3310634, ""max"": 10.005186}, ""cpu_util_1"": {""mean"": 9.3310634, ""max"": 10.005186}, ""cpu_util_2"": {""mean"": 9.3310634, ""max"": 10.005186}, ""cpu_util_3"": {""mean"": 9.3310634, ""max"": 10.005186}, ""cpu_util_4"": {""mean"": 9.3310634, ""max"": 10.005186}, ""cpu_util_5"": {""mean"": 9.3310634, ""max"": 10.005186}, ""cpu_util_6"": {""mean"": 9.3310634, ""max"": 10.005186}, ""cpu_util_7"": {""mean"": 9.3310634, ""max"": 10.005186}, ""cpu_util_8"": {""mean"": 9.3310634, ""max"": 10.005186}, ""cpu_util_9"": {""mean"": 9.3310634, ""max"": 10.005186}, ""cpu_util_10"": {""mean"": 9.3310634, ""max"": 10.005186}, ""cpu_util_11"": {""mean"": 9.3310634, ""max"": 10.005186}, ""memory"": {""mean"": 0.2265184, ""max"": 0.226738}, ""io_read_count"": {""mean"": 9904.636410800002, ""max"": 12386.420378}, ""io_write_count"": {""mean"": 16.001027999999998, ""max"": 20.010372}, ""io_read"": {""mean"": 0.0, ""max"": 0.0}, ""io_write"": {""mean"": 0.0, ""max"": 0.0}, ""gpu_util_avg"": {""mean"": 0.0, ""max"": 0.0}, ""gpu_util_min"": {""mean"": 0.0, ""max"": 0.0}, ""gpu_util_max"": {""mean"": 0.0, ""max"": 0.0}, ""gpu_util_0"": {""mean"": 0.0, ""max"": 0.0}, ""gpu_band_avg"": {""mean"": 0.0, ""max"": 0.0}, ""gpu_band_min"": {""mean"": 0.0, ""max"": 0.0}, ""gpu_band_max"": {""mean"": 0.0, ""max"": 0.0}, ""gpu_band_0"": {""mean"": 0.0, ""max"": 0.0}, ""gpu_mem_avg"": {""mean"": 0.0, ""max"": 0.0}, ""gpu_mem_min"": {""mean"": 0.0, ""max"": 0.0}, ""gpu_mem_max"": {""mean"": 0.0, ""max"": 0.0}, ""gpu_mem_0"": {""mean"": 0.0, ""max"": 0.0}}","{""total"": {""kind"": ""scalar"", ""value"": 1999999000000.0}}",,
fast_rewrite,loop,fork,fork,False,2,1,ok,0.296459,0.4414,0.4612,,"{""cpu_util_avg"": {""mean"": 9.44439683333333, ""max"": 11.666487}, ""cpu_util_min"": {""mean"": 9.44439683333333, ""max"": 11.666487}, ""cpu_util_max"": {""mean"": 9.44439683333333, ""max"": 11.666487}, ""cpu_util_0"": {""mean"": 9.44439683333333, ""max"": 11.666487}, ""cpu_util_1"": {""mean"": 9.44439683333333, ""max"": 11.666487}, ""cpu_util_2"": {""mean"": 9.44439683333333, ""max"": 11.666487}, ""cpu_util_3"": {""mean"": 9.44439683333333, ""max"": 11.666487}, ""cpu_util_4"": {""mean"": 9.44439683333333, ""max"": 11.666487}, ""cpu_util_5"": {""mean"": 9.44439683333333, ""max"": 11.666487}, ""cpu_util_6"": {""mean"": 9.44439683333333, ""max"": 11.666487}, ""cpu_util_7"": {""mean"": 9.44439683333333, ""max"": 11.666487}, ""cpu_util_8"": {""mean"": 9.44439683333333, ""max"": 11.666487}, ""cpu_util_9"": {""mean"": 9.44439683333333, ""max"": 11.666487}, ""cpu_util_10"": {""mean"": 9.44439683333333, ""max"": 11.666487}, ""cpu_util_11"": {""mean"": 9.44439683333333, ""max"": 11.666487}, ""memory"": {""mean"": 0.517489, ""max"": 0.517632}, ""io_read_count"": {""mean"": 12153.242942166666, ""max"": 12446.59844}, ""io_write_count"": {""mean"": 19.999844, ""max"": 20.010608}, ""io_read"": {""mean"": 0.0, ""max"": 0.0}, ""io_write"": {""mean"": 0.0, ""max"": 0.0}, ""gpu_util_avg"": {""mean"": 0.0, ""max"": 0.0}, ""gpu_util_min"": {""mean"": 0.0, ""max"": 0.0}, ""gpu_util_max"": {""mean"": 0.0, ""max"": 0.0}, ""gpu_util_0"": {""mean"": 0.0, ""max"": 0.0}, ""gpu_band_avg"": {""mean"": 0.0, ""max"": 0.0}, ""gpu_band_min"": {""mean"": 0.0, ""max"": 0.0}, ""gpu_band_max"": {""mean"": 0.0, ""max"": 0.0}, ""gpu_band_0"": {""mean"": 0.0, ""max"": 0.0}, ""gpu_mem_avg"": {""mean"": 0.0, ""max"": 0.0}, ""gpu_mem_min"": {""mean"": 0.0, ""max"": 0.0}, ""gpu_mem_max"": {""mean"": 0.0, ""max"": 0.0}, ""gpu_mem_0"": {""mean"": 0.0, ""max"": 0.0}}","{""total"": {""kind"": ""scalar"", ""value"": 1999999000000.0}}",,
fast_rewrite,vectorized,full,full,False,2,0,ok,0.001001,2.9942,3.004,,{},"{""total"": {""kind"": ""scalar"", ""value"": 1999999000000.0}}",,
fast_rewrite,vectorized,fork,fork,False,2,1,ok,0.001861,0.1684,0.1838,,{},"{""total"": {""kind"": ""scalar"", ""value"": 1999999000000.0}}",,
fast_rewrite,loop,fork,fork,False,3,0,ok,0.290029,0.4314,0.4505,,"{""cpu_util_avg"": {""mean"": 9.991705, ""max"": 11.662557}, ""cpu_util_min"": {""mean"": 9.991705, ""max"": 11.662557}, ""cpu_util_max"": {""mean"": 9.991705, ""max"": 11.662557}, ""cpu_util_0"": {""mean"": 9.991705, ""max"": 11.662557}, ""cpu_util_1"": {""mean"": 9.991705, ""max"": 11.662557}, ""cpu_util_2"": {""mean"": 9.991705, ""max"": 11.662557}, ""cpu_util_3"": {""mean"": 9.991705, ""max"": 11.662557}, ""cpu_util_4"": {""mean"": 9.991705, ""max"": 11.662557}, ""cpu_util_5"": {""mean"": 9.991705, ""max"": 11.662557}, ""cpu_util_6"": {""mean"": 9.991705, ""max"": 11.662557}, ""cpu_util_7"": {""mean"": 9.991705, ""max"": 11.662557}, ""cpu_util_8"": {""mean"": 9.991705, ""max"": 11.662557}, ""cpu_util_9"": {""mean"": 9.991705, ""max"": 11.662557}, ""cpu_util_10"": {""mean"": 9.991705, ""max"": 11.662557}, ""cpu_util_11"": {""mean"": 9.991705, ""max"": 11.662557}, ""memory"": {""mean"": 0.5175708333333332, ""max"": 0.517632}, ""io_read_count"": {""mean"": 11912.590299166666, ""max"": 11992.395903}, ""io_write_count"": {""mean"": 19.987624, ""max"": 20.040455}, ""io_read"": {""mean"": 0.0, ""max"": 0.0}, ""io_write"": {""mean"": 0.0, ""max"": 0.0}, ""gpu_util_avg"": {""mean"": 0.0, ""max"": 0.0}, ""gpu_util_min"": {""mean"": 0.0, ""max"": 0.0}, ""gpu_util_max"": {""mean"": 0.0, ""max"": 0.0}, ""gpu_util_0"": {""mean"": 0.0, ""max"": 0.0}, ""gpu_band_avg"": {""mean"": 0.0, ""max"": 0.0}, ""gpu_band_min"": {""mean"": 0.0, ""max"": 0.0}, ""gpu_band_max"": {""mean"": 0.0, ""max"": 0.0}, ""gpu_band_0"": {""mean"": 0.0, ""max"": 0.0}, ""gpu_mem_avg"": {""mean"": 0.0, ""max"": 0.0}, ""gpu_mem_min"": {""mean"": 0.0, ""max"": 0.0}, ""gpu_mem_max"": {""mean"": 0.0, ""max"": 0.0}, ""gpu_mem_0"": {""mean"": 0.0, ""max"": 0.0}}","{""total"": {""kind"": ""scalar"", ""value"": 1999999000000.0}}",,
fast_rewrite,loop,full,full,False,3,1,ok,0.29671,3.3602,3.3839,,"{""cpu_util_avg"": {""mean"": 9.720086833333333, ""max"": 11.667136}, ""cpu_util_min"": {""mean"": 9.720086833333333, ""max"": 11.667136}, ""cpu_util_max"": {""mean"": 9.720086833333333, ""max"": 11.667136}, ""cpu_util_0"": {""mean"": 9.720086833333333, ""max"": 11.667136}, ""cpu_util_1"": {""mean"": 9.720086833333333, ""max"": 11.667136}, ""cpu_util_2"": {""mean"": 9.720086833333333, ""max"": 11.667136}, ""cpu_util_3"": {""mean"": 9.720086833333333, ""max"": 11.667136}, ""cpu_util_4"": {""mean"": 9.720086833333333, ""max"": 11.667136}, ""cpu_util_5"": {""mean"": 9.720086833333333, ""max"": 11.667136}, ""cpu_util_6"": {""mean"": 9.720086833333333, ""max"": 11.667136}, ""cpu_util_7"": {""mean"": 9.720086833333333, ""max"": 11.667136}, ""cpu_util_8"": {""mean"": 9.720086833333333, ""max"": 11.667136}, ""cpu_util_9"": {""mean"": 9.720086833333333, ""max"": 11.667136}, ""cpu_util_10"": {""mean"": 9.720086833333333, ""max"": 11.667136}, ""cpu_util_11"": {""mean"": 9.720086833333333, ""max"": 11.667136}, ""memory"": {""mean"": 0.22693533333333335, ""max"": 0.227139}, ""io_read_count"": {""mean"": 9867.2469635, ""max"": 11849.829908}, ""io_write_count"": {""mean"": 16.667647, ""max"": 20.016605}, ""io_read"": {""mean"": 0.0, ""max"": 0.0}, ""io_write"": {""mean"": 0.0, ""max"": 0.0}, ""gpu_util_avg"": {""mean"": 0.0, ""max"": 0.0}, ""gpu_util_min"": {""mean"": 0.0, ""max"": 0.0}, ""gpu_util_max"": {""mean"": 0.0, ""max"": 0.0}, ""gpu_util_0"": {""mean"": 0.0, ""max"": 0.0}, ""gpu_band_avg"": {""mean"": 0.0, ""max"": 0.0}, ""gpu_band_min"": {""mean"": 0.0, ""max"": 0.0}, ""gpu_band_max"": {""mean"": 0.0, ""max"": 0.0}, ""gpu_band_0"": {""mean"": 0.0, ""max"": 0.0}, ""gpu_mem_avg"": {""mean"": 0.0, ""max"": 0.0}, ""gpu_mem_min"": {""mean"": 0.0, ""max"": 0.0}, ""gpu_mem_max"": {""mean"": 0.0, ""max"": 0.0}, ""gpu_mem_0"": {""mean"": 0.0, ""max"": 0.0}}","{""total"": {""kind"": ""scalar"", ""value"": 1999999000000.0}}",,
fast_rewrite,vectorized,fork,fork,False,3,0,ok,0.002233,0.1685,0.185,,{},"{""total"": {""kind"": ""scalar"", ""value"": 1999999000000.0}}",,
fast_rewrite,vectorized,full,full,False,3,1,ok,0.000901,3.1696,3.1859,,{},"{""total"": {""kind"": ""scalar"", ""value"": 1999999000000.0}}",,
fast_rewrite,loop,full,full,False,4,0,ok,0.225797,3.0302,3.0459,,"{""cpu_util_avg"": {""mean"": 9.99724175, ""max"": 10.004297}, ""cpu_util_min"": {""mean"": 9.99724175, ""max"": 10.004297}, ""cpu_util_max"": {""mean"": 9.99724175, ""max"": 10.004297}, ""cpu_util_0"": {""mean"": 9.99724175, ""max"": 10.004297}, ""cpu_util_1"": {""mean"": 9.99724175, ""max"": 10.004297}, ""cpu_util_2"": {""mean"": 9.99724175, ""max"": 10.004297}, ""cpu_util_3"": {""mean"": 9.99724175, ""max"": 10.004297}, ""cpu_util_4"": {""mean"": 9.99724175, ""max"": 10.004297}, ""cpu_util_5"": {""mean"": 9.99724175, ""max"": 10.004297}, ""cpu_util_6"": {""mean"": 9.99724175, ""max"": 10.004297}, ""cpu_util_7"": {""mean"": 9.99724175, ""max"": 10.004297}, ""cpu_util_8"": {""mean"": 9.99724175, ""max"": 10.004297}, ""cpu_util_9"": {""mean"": 9.99724175, ""max"": 10.004297}, ""cpu_util_10"": {""mean"": 9.99724175, ""max"": 10.004297}, ""cpu_util_11"": {""mean"": 9.99724175, ""max"": 10.004297}, ""memory"": {""mean"": 0.22573100000000001, ""max"": 0.226036}, ""io_read_count"": {""mean"": 8880.4021, ""max"": 11845.088176}, ""io_write_count"": {""mean"": 15.000679250000001, ""max"": 20.008595}, ""io_read"": {""mean"": 0.0, ""max"": 0.0}, ""io_write"": {""mean"": 0.0, ""max"": 0.0}, ""gpu_util_avg"": {""mean"": 0.0, ""max"": 0.0}, ""gpu_util_min"": {""mean"": 0.0, ""max"": 0.0}, ""gpu_util_max"": {""mean"": 0.0, ""max"": 0.0}, ""gpu_util_0"": {""mean"": 0.0, ""max"": 0.0}, ""gpu_band_avg"": {""mean"": 0.0, ""max"": 0.0}, ""gpu_band_min"": {""mean"": 0.0, ""max"": 0.0}, ""gpu_band_max"": {""mean"": 0.0, ""max"": 0.0}, ""gpu_band_0"": {""mean"": 0.0, ""max"": 0.0}, ""gpu_mem_avg"": {""mean"": 0.0, ""max"": 0.0}, ""gpu_mem_min"": {""mean"": 0.0, ""max"": 0.0}, ""gpu_mem_max"": {""mean"": 0.0, ""max"": 0.0}, ""gpu_mem_0"": {""mean"": 0.0, ""max"": 0.0}}","{""total"": {""kind"": ""scalar"", ""value"": 1999999000000.0}}",,
fast_rewrite,loop,fork,fork,False,4,1,ok,0.278826,0.4116,0.4288,,"{""cpu_util_avg"": {""mean"": 9.999637499999999, ""max"": 11.670446}, ""cpu_util_min"": {""mean"": 9.999637499999999, ""max"": 11.670446}, ""cpu_util_max"": {""mean"": 9.999637499999999, ""max"": 11.670446}, ""cpu_util_0"": {""mean"": 9.999637499999999, ""max"": 11.670446}, ""cpu_util_1"": {""mean"": 9.999637499999999, ""max"": 11.670446}, ""cpu_util_2"": {""mean"": 9.999637499999999, ""max"": 11.670446}, ""cpu_util_3"": {""mean"": 9.999637499999999, ""max"": 11.670446}, ""cpu_util_4"": {""mean"": 9.999637499999999, ""max"": 11.670446}, ""cpu_util_5"": {""mean"": 9.999637499999999, ""max"": 11.670446}, ""cpu_util_6"": {""mean"": 9.999637499999999, ""max"": 11.670446}, ""cpu_util_7"": {""mean"": 9.999637499999999, ""max"": 11.670446}, ""cpu_util_8"": {""mean"": 9.999637499999999, ""max"": 11.670446}, ""cpu_util_9"": {""mean"": 9.999637499999999, ""max"": 11.670446}, ""cpu_util_10"": {""mean"": 9.999637499999999, ""max"": 11.670446}, ""cpu_util_11"": {""mean"": 9.999637499999999, ""max"": 11.670446}, ""memory"": {""mean"": 0.5178148333333334, ""max"": 0.517876}, ""io_read_count"": {""mean"": 12149.3825195, ""max"": 12436.072688}, ""io_write_count"": {""mean"": 19.998887666666665, ""max"": 20.015601}, ""io_read"": {""mean"": 0.0, ""max"": 0.0}, ""io_write"": {""mean"": 0.0, ""max"": 0.0}, ""gpu_util_avg"": {""mean"": 0.0, ""max"": 0.0}, ""gpu_util_min"": {""mean"": 0.0, ""max"": 0.0}, ""gpu_util_max"": {""mean"": 0.0, ""max"": 0.0}, ""gpu_util_0"": {""mean"": 0.0, ""max"": 0.0}, ""gpu_band_avg"": {""mean"": 0.0, ""max"": 0.0}, ""gpu_band_min"": {""mean"": 0.0, ""max"": 0.0}, ""gpu_band_max"": {""mean"": 0.0, ""max"": 0.0}, ""gpu_band_0"": {""mean"": 0.0, ""max"": 0.0}, ""gpu_mem_avg"": {""mean"": 0.0, ""max"": 0.0}, ""gpu_mem_min"": {""mean"": 0.0, ""max"": 0.0}, ""gpu_mem_max"": {""mean"": 0.0, ""max"": 0.0}, ""gpu_mem_0"": {""mean"": 0.0, ""max"": 0.0}}","{""total"": {""kind"": ""scalar"", ""value"": 1999999000000.0}}",,
fast_rewrite,vectorized,full,full,False,4,0,ok,0.000985,2.8807,2.8896,,{},"{""total"": {""kind"": ""scalar"", ""value"": 1999999000000.0}}",,
fast_rewrite,vectorized,fork,fork,False,4,1,ok,0.001421,0.1434,0.1568,,{},"{""total"": {""kind"": ""scalar"", ""value"": 1999999000000.0}}",,
thread_pool,matmul,full,full,False,0,0,ok,0.043531,4.9824,5.0067,,"{""cpu_util_avg"": {""mean"": 46.631055, ""max"": 46.631055}, ""cpu_util_min"": {""mean"": 46.631055, ""max"": 46.631055}, ""cpu_util_max"": {""mean"": 46.631055, ""max"": 46.631055}, ""cpu_util_0"": {""mean"": 46.631055, ""max"": 46.631055}, ""cpu_util_1"": {""mean"": 46.631055, ""max"": 46.631055}, ""cpu_util_2"": {""mean"": 46.631055, ""max"": 46.631055}, ""cpu_util_3"": {""mean"": 46.631055, ""max"": 46.631055}, ""cpu_util_4"": {""mean"": 46.631055, ""max"": 46.631055}, ""cpu_util_5"": {""mean"": 46.631055, ""max"": 46.631055}, ""cpu_util_6"": {""mean"": 46.631055, ""max"": 46.631055}, ""cpu_util_7"": {""mean"": 46.631055, ""max"": 46.631055}, ""cpu_util_8"": {""mean"": 46.631055, ""max"": 46.631055}, ""cpu_util_9"": {""mean"": 46.631055, ""max"": 46.631055}, ""cpu_util_10"": {""mean"": 46.631055, ""max"": 46.631055}, ""cpu_util_11"": {""mean"": 46.631055, ""max"": 46.631055}, ""memory"": {""mean"": 0.567894, ""max"": 0.567894}, ""io_read_count"": {""mean"": 11830.964928, ""max"": 11830.964928}, ""io_write_count"": {""mean"": 19.984738, ""max"": 19.984738}, ""io_read"": {""mean"": 0.0, ""max"": 0.0}, ""io_write"": {""mean"": 0.0, ""max"": 0.0}, ""gpu_util_avg"": {""mean"": 0.0, ""max"": 0.0}, ""gpu_util_min"": {""mean"": 0.0, ""max"": 0.0}, ""gpu_util_max"": {""mean"": 0.0, ""max"": 0.0}, ""gpu_util_0"": {""mean"": 0.0, ""max"": 0.0}, ""gpu_band_avg"": {""mean"": 0.0, ""max"": 0.0}, ""gpu_band_min"": {""mean"": 0.0, ""max"": 0.0}, ""gpu_band_max"": {""mean"": 0.0, ""max"": 0.0}, ""gpu_band_0"": {""mean"": 0.0, ""max"": 0.0}, ""gpu_mem_avg"": {""mean"": 0.0, ""max"": 0.0}, ""gpu_mem_min"": {""mean"": 0.0, ""max"": 0.0}, ""gpu_mem_max"": {""mean"": 0.0, ""max"": 0.0}, ""gpu_mem_0"": {""mean"": 0.0, ""max"": 0.0}}","{""product"": {""kind"": ""array"", ""shape"": [2000, 2000], ""dtype"": ""torch.float32"", ""mean"": 500.1705627441406, ""std"": 9.895628929138184, ""min"": 443.6181640625, ""max"": 553.6638793945312}}",,
thread_pool,matmul,fork,fork,False,0,1,timeout,,,15.0668,,{},{},,Exceeded the 15s budget and was killed.
thread_pool,matmul,fork,fork,False,1,0,timeout,,,15.0585,,{},{},,Exceeded the 15s budget and was killed.
thread_pool,matmul,full,full,False,1,1,ok,0.050892,5.3235,5.3466,,"{""cpu_util_avg"": {""mean"": 53.398457, ""max"": 53.398457}, ""cpu_util_min"": {""mean"": 53.398457, ""max"": 53.398457}, ""cpu_util_max"": {""mean"": 53.398457, ""max"": 53.398457}, ""cpu_util_0"": {""mean"": 53.398457, ""max"": 53.398457}, ""cpu_util_1"": {""mean"": 53.398457, ""max"": 53.398457}, ""cpu_util_2"": {""mean"": 53.398457, ""max"": 53.398457}, ""cpu_util_3"": {""mean"": 53.398457, ""max"": 53.398457}, ""cpu_util_4"": {""mean"": 53.398457, ""max"": 53.398457}, ""cpu_util_5"": {""mean"": 53.398457, ""max"": 53.398457}, ""cpu_util_6"": {""mean"": 53.398457, ""max"": 53.398457}, ""cpu_util_7"": {""mean"": 53.398457, ""max"": 53.398457}, ""cpu_util_8"": {""mean"": 53.398457, ""max"": 53.398457}, ""cpu_util_9"": {""mean"": 53.398457, ""max"": 53.398457}, ""cpu_util_10"": {""mean"": 53.398457, ""max"": 53.398457}, ""cpu_util_11"": {""mean"": 53.398457, ""max"": 53.398457}, ""memory"": {""mean"": 0.568359, ""max"": 0.568359}, ""io_read_count"": {""mean"": 11854.457459, ""max"": 11854.457459}, ""io_write_count"": {""mean"": 20.024421, ""max"": 20.024421}, ""io_read"": {""mean"": 0.0, ""max"": 0.0}, ""io_write"": {""mean"": 0.0, ""max"": 0.0}, ""gpu_util_avg"": {""mean"": 0.0, ""max"": 0.0}, ""gpu_util_min"": {""mean"": 0.0, ""max"": 0.0}, ""gpu_util_max"": {""mean"": 0.0, ""max"": 0.0}, ""gpu_util_0"": {""mean"": 0.0, ""max"": 0.0}, ""gpu_band_avg"": {""mean"": 0.0, ""max"": 0.0}, ""gpu_band_min"": {""mean"": 0.0, ""max"": 0.0}, ""gpu_band_max"": {""mean"": 0.0, ""max"": 0.0}, ""gpu_band_0"": {""mean"": 0.0, ""max"": 0.0}, ""gpu_mem_avg"": {""mean"": 0.0, ""max"": 0.0}, ""gpu_mem_min"": {""mean"": 0.0, ""max"": 0.0}, ""gpu_mem_max"": {""mean"": 0.0, ""max"": 0.0}, ""gpu_mem_0"": {""mean"": 0.0, ""max"": 0.0}}","{""product"": {""kind"": ""array"", ""shape"": [2000, 2000], ""dtype"": ""torch.float32"", ""mean"": 500.18524169921875, ""std"": 9.811986923217773, ""min"": 453.9556579589844, ""max"": 545.7062377929688}}",,
thread_pool,matmul,full,full,False,2,0,ok,0.041847,5.1514,5.1716,,"{""cpu_util_avg"": {""mean"": 53.37672, ""max"": 53.37672}, ""cpu_util_min"": {""mean"": 53.37672, ""max"": 53.37672}, ""cpu_util_max"": {""mean"": 53.37672, ""max"": 53.37672}, ""cpu_util_0"": {""mean"": 53.37672, ""max"": 53.37672}, ""cpu_util_1"": {""mean"": 53.37672, ""max"": 53.37672}, ""cpu_util_2"": {""mean"": 53.37672, ""max"": 53.37672}, ""cpu_util_3"": {""mean"": 53.37672, ""max"": 53.37672}, ""cpu_util_4"": {""mean"": 53.37672, ""max"": 53.37672}, ""cpu_util_5"": {""mean"": 53.37672, ""max"": 53.37672}, ""cpu_util_6"": {""mean"": 53.37672, ""max"": 53.37672}, ""cpu_util_7"": {""mean"": 53.37672, ""max"": 53.37672}, ""cpu_util_8"": {""mean"": 53.37672, ""max"": 53.37672}, ""cpu_util_9"": {""mean"": 53.37672, ""max"": 53.37672}, ""cpu_util_10"": {""mean"": 53.37672, ""max"": 53.37672}, ""cpu_util_11"": {""mean"": 53.37672, ""max"": 53.37672}, ""memory"": {""mean"": 0.568233, ""max"": 0.568233}, ""io_read_count"": {""mean"": 11849.631856, ""max"": 11849.631856}, ""io_write_count"": {""mean"": 20.01627, ""max"": 20.01627}, ""io_read"": {""mean"": 0.0, ""max"": 0.0}, ""io_write"": {""mean"": 0.0, ""max"": 0.0}, ""gpu_util_avg"": {""mean"": 0.0, ""max"": 0.0}, ""gpu_util_min"": {""mean"": 0.0, ""max"": 0.0}, ""gpu_util_max"": {""mean"": 0.0, ""max"": 0.0}, ""gpu_util_0"": {""mean"": 0.0, ""max"": 0.0}, ""gpu_band_avg"": {""mean"": 0.0, ""max"": 0.0}, ""gpu_band_min"": {""mean"": 0.0, ""max"": 0.0}, ""gpu_band_max"": {""mean"": 0.0, ""max"": 0.0}, ""gpu_band_0"": {""mean"": 0.0, ""max"": 0.0}, ""gpu_mem_avg"": {""mean"": 0.0, ""max"": 0.0}, ""gpu_mem_min"": {""mean"": 0.0, ""max"": 0.0}, ""gpu_mem_max"": {""mean"": 0.0, ""max"": 0.0}, ""gpu_mem_0"": {""mean"": 0.0, ""max"": 0.0}}","{""product"": {""kind"": ""array"", ""shape"": [2000, 2000], ""dtype"": ""torch.float32"", ""mean"": 500.10662841796875, ""std"": 9.899107933044434, ""min"": 449.3517761230469, ""max"": 548.949462890625}}",,
thread_pool,matmul,fork,fork,False,2,1,timeout,,,15.0566,,{},{},,Exceeded the 15s budget and was killed.
thread_pool,matmul,fork,fork,False,3,0,timeout,,,15.0568,,{},{},,Exceeded the 15s budget and was killed.
thread_pool,matmul,full,full,False,3,1,ok,0.045198,4.8118,4.8318,,"{""cpu_util_avg"": {""mean"": 56.483136, ""max"": 56.483136}, ""cpu_util_min"": {""mean"": 56.483136, ""max"": 56.483136}, ""cpu_util_max"": {""mean"": 56.483136, ""max"": 56.483136}, ""cpu_util_0"": {""mean"": 56.483136, ""max"": 56.483136}, ""cpu_util_1"": {""mean"": 56.483136, ""max"": 56.483136}, ""cpu_util_2"": {""mean"": 56.483136, ""max"": 56.483136}, ""cpu_util_3"": {""mean"": 56.483136, ""max"": 56.483136}, ""cpu_util_4"": {""mean"": 56.483136, ""max"": 56.483136}, ""cpu_util_5"": {""mean"": 56.483136, ""max"": 56.483136}, ""cpu_util_6"": {""mean"": 56.483136, ""max"": 56.483136}, ""cpu_util_7"": {""mean"": 56.483136, ""max"": 56.483136}, ""cpu_util_8"": {""mean"": 56.483136, ""max"": 56.483136}, ""cpu_util_9"": {""mean"": 56.483136, ""max"": 56.483136}, ""cpu_util_10"": {""mean"": 56.483136, ""max"": 56.483136}, ""cpu_util_11"": {""mean"": 56.483136, ""max"": 56.483136}, ""memory"": {""mean"": 0.567734, ""max"": 0.567734}, ""io_read_count"": {""mean"": 11941.199461, ""max"": 11941.199461}, ""io_write_count"": {""mean"": 19.935224, ""max"": 19.935224}, ""io_read"": {""mean"": 0.0, ""max"": 0.0}, ""io_write"": {""mean"": 0.0, ""max"": 0.0}, ""gpu_util_avg"": {""mean"": 0.0, ""max"": 0.0}, ""gpu_util_min"": {""mean"": 0.0, ""max"": 0.0}, ""gpu_util_max"": {""mean"": 0.0, ""max"": 0.0}, ""gpu_util_0"": {""mean"": 0.0, ""max"": 0.0}, ""gpu_band_avg"": {""mean"": 0.0, ""max"": 0.0}, ""gpu_band_min"": {""mean"": 0.0, ""max"": 0.0}, ""gpu_band_max"": {""mean"": 0.0, ""max"": 0.0}, ""gpu_band_0"": {""mean"": 0.0, ""max"": 0.0}, ""gpu_mem_avg"": {""mean"": 0.0, ""max"": 0.0}, ""gpu_mem_min"": {""mean"": 0.0, ""max"": 0.0}, ""gpu_mem_max"": {""mean"": 0.0, ""max"": 0.0}, ""gpu_mem_0"": {""mean"": 0.0, ""max"": 0.0}}","{""product"": {""kind"": ""array"", ""shape"": [2000, 2000], ""dtype"": ""torch.float32"", ""mean"": 500.2115173339844, ""std"": 9.809624671936035, ""min"": 451.00811767578125, ""max"": 555.6337280273438}}",,
thread_pool,matmul,full,full,False,4,0,ok,0.045044,4.8379,4.8571,,"{""cpu_util_avg"": {""mean"": 56.696689, ""max"": 56.696689}, ""cpu_util_min"": {""mean"": 56.696689, ""max"": 56.696689}, ""cpu_util_max"": {""mean"": 56.696689, ""max"": 56.696689}, ""cpu_util_0"": {""mean"": 56.696689, ""max"": 56.696689}, ""cpu_util_1"": {""mean"": 56.696689, ""max"": 56.696689}, ""cpu_util_2"": {""mean"": 56.696689, ""max"": 56.696689}, ""cpu_util_3"": {""mean"": 56.696689, ""max"": 56.696689}, ""cpu_util_4"": {""mean"": 56.696689, ""max"": 56.696689}, ""cpu_util_5"": {""mean"": 56.696689, ""max"": 56.696689}, ""cpu_util_6"": {""mean"": 56.696689, ""max"": 56.696689}, ""cpu_util_7"": {""mean"": 56.696689, ""max"": 56.696689}, ""cpu_util_8"": {""mean"": 56.696689, ""max"": 56.696689}, ""cpu_util_9"": {""mean"": 56.696689, ""max"": 56.696689}, ""cpu_util_10"": {""mean"": 56.696689, ""max"": 56.696689}, ""cpu_util_11"": {""mean"": 56.696689, ""max"": 56.696689}, ""memory"": {""mean"": 0.571247, ""max"": 0.571247}, ""io_read_count"": {""mean"": 11846.27284, ""max"": 11846.27284}, ""io_write_count"": {""mean"": 20.010596, ""max"": 20.010596}, ""io_read"": {""mean"": 0.0, ""max"": 0.0}, ""io_write"": {""mean"": 0.0, ""max"": 0.0}, ""gpu_util_avg"": {""mean"": 0.0, ""max"": 0.0}, ""gpu_util_min"": {""mean"": 0.0, ""max"": 0.0}, ""gpu_util_max"": {""mean"": 0.0, ""max"": 0.0}, ""gpu_util_0"": {""mean"": 0.0, ""max"": 0.0}, ""gpu_band_avg"": {""mean"": 0.0, ""max"": 0.0}, ""gpu_band_min"": {""mean"": 0.0, ""max"": 0.0}, ""gpu_band_max"": {""mean"": 0.0, ""max"": 0.0}, ""gpu_band_0"": {""mean"": 0.0, ""max"": 0.0}, ""gpu_mem_avg"": {""mean"": 0.0, ""max"": 0.0}, ""gpu_mem_min"": {""mean"": 0.0, ""max"": 0.0}, ""gpu_mem_max"": {""mean"": 0.0, ""max"": 0.0}, ""gpu_mem_0"": {""mean"": 0.0, ""max"": 0.0}}","{""product"": {""kind"": ""array"", ""shape"": [2000, 2000], ""dtype"": ""torch.float32"", ""mean"": 500.05450439453125, ""std"": 9.787869453430176, ""min"": 456.7861328125, ""max"": 550.0747680664062}}",,
thread_pool,matmul,fork,fork,False,4,1,timeout,,,15.0561,,{},{},,Exceeded the 15s budget and was killed.
